emo_detail;manufacture;serial_number;type;power_rate;power_unit;voltage;current_nominal;frequency;pole;rpm;bearing_de;bearing_nde;frame_type;shaft_diameter;phase_supply;cos_phi;efficiency;ip_rating;insulation_class;duty;connection_type;nipple_grease;greasing_type;greasing_qty_de;greasing_qty_nde;length;width;height;weight;cooling_fan;mounting
EMO004433;NORD;36513791;SK;5.5;kW;380;11.2;50;4P;1460;;;132S;;3;0.84;87.7;55;Class F;S1;Delta;Not Available;;;;-;-;-;;Internal;Vertical
EMO004434;NORD;36513791;SK;5.5;kW;380;11.2;50;4P;1460;;;132S;;3;0.84;87.7;55;Class F;S1;Delta;Not Available;;;;-;-;-;;Internal;Vertical
EMO004307;Siemens;1819574001-002;IMV1;3;kW;400;5.9;50;4P;1460;6206;6206;100L;;3;0.83;87.7;55;Class F;S1;Delta;Not Available;;;;-;-;-;;Internal;Vertical
EMO004308;Siemens;1819574001-001;IMV1;3;kW;400;5.9;50;4P;1415;6206;6206;100L;;3;0.83;87.7;55;Class F;S1;Delta;Not Available;;;;-;-;-;;Internal;Vertical
EMO004309;NORD;33510090;SK;0.75;kW;380;1.79;50;4P;1415;6204;6204;80L;;3;0.75;81.6;55;Class F;S1;Start;Not Available;;;;-;-;-;;Internal;Vertical
EMO004310;NORD;33510090;SK;0.75;kW;380;1.79;50;4P;1460;;;80L;;3;0.75;81.6;55;Class F;S1;Start;Not Available;;;;-;-;-;;Internal;Vertical
EMO004435;NORD;36813791;SK;7.5;kW;380;15.7;50;4P;1460;;;132M;;3;0.81;88.7;55;Class F;S1;Delta;Not Available;;;;-;-;-;;Internal;Vertical
EMO004436;NORD;36513791;SK;5.5;kW;380;11.2;50;4P;1460;;;132S;;3;0.84;87.7;54;Class F;S1;Delta;Not Available;;;;-;-;-;;Internal;Vertical
EMO004437;NORD;36513791;SK;5.5;kW;380;11.2;50;2P;2950;;;132S;;3;0.84;87.7;55;Class F;S1;Delta;Not Available;;;;-;-;-;;Internal;Vertical
EMO004311;Siemens;1819574002-001;IMB5;5.5;kW;400;9.9;50;4P;1440;;;132S;;3;0.9;;55;Class F;;Delta;Not Available;;;;140;200;132;;Internal;Horizontal
EMO004312;NORD;36010087;SK;4;kW;380;8.29;50;4P;1440;6306;6306;112M;;3;0.83;86.6;55;Class F;S1;Delta;Not Available;;;;-;-;-;;Internal;Vertical
EMO004313;NORD;36010087;SK;4;kW;380;8.29;50;4P;1465;6306;6306;112M;;3;0.83;86.6;55;Class F;S1;Delta;Not Available;;;;-;-;-;;Internal;Vertical
EMO004314;Siemens;181568000T-002;IMB5;7.5;kW;400;14.7;50;4P;1465;6208;6208;132M;;3;0.83;88.7;55;Class F;S1;Delta;Not Available;;;;-;-;-;;Internal;Vertical
EMO004315;Siemens;181568000T-001;IMB5;7.5;kW;400;14.7;50;2P;;6208;6208;132M;;3;0.83;88.7;55;Class F;S1;Delta;Not Available;;;;-;-;-;;Internal;Vertical
EMO004326;Hitachi;;;2.4;KW;380;6;50;4P;;;;;;3;;;;;;;Not Available;;;;;;;;Internal;Vertical
EMO004328;Hitachi;;;0.14;KW;380;1.2;50;4P;1460;;;;;3;;;;;;;Not Available;;;;;;;;Internal;Vertical
EMO004380;Marathon;WX110009213-4001J;HJN1;11;kW;380;22.2;50;2P;2950;6309;6309;160M;;3;0.8;89;55;Class F;S1;Delta;Not Available;;;;210;240;150;;Internal;Horizontal
EMO004316;Marathon;WX11000213-3001J;HJN1;30;kW;380;55.1;50;2P;2950;6312;6312;200LC;;3;0.9;92;55;Class F;S1;Delta;Not Available;;;;310;310;200;;Internal;Horizontal
EMO004317;Marathon;WX11000213-3002J;HJN1;30;kW;380;55.1;50;4P;1460;6312;6312;200L;;3;0.9;92;55;Class F;S1;Delta;Not Available;;;;310;310;200;;Internal;Horizontal
EMO004429;NORD;36813791;SK;7.5;kW;380;15.7;50;4P;1460;;;132M;;3;0.81;88.7;55;Class F;S1;Delta;;;;;-;-;-;;Internal;Vertical
EMO004430;NORD;36514090;SK;5.5;kW;380;11.2;50;4P;1460;;;132S;;3;0.84;87.7;55;Class F;S1;Delta;;;;;-;-;-;;Internal;Vertical
EMO004431;NORD;36513791;SK;5.5;kW;380;11.2;50;4P;1450;;;132S;;3;0.84;87.7;55;Class F;S1;Delta;;;;;-;-;-;;Internal;Vertical
EMO004432;NORD;;SK;2.2;kW;380;4.78;50;4P;1445;;;100L;;3;;;55;Class F;S1;;;;;;-;-;-;;Internal;Vertical
EMO004327;WAM;Y1603093;MT112MO414527;4;kW;380;8.13;50;2P;2950;;;112;;3;0.82;;55;Class F;;Start;Not Available;;;;-;-;-;;Internal;Vertical
EMO004298;Siemens;1819574003-001;IMV15;5.5;kW;400;9.9;50;4P;1440;6208;6208;132S;;3;0.9;;55;Class F;;Delta;Not Available;;;;140;200;132;;Internal;Horizontal
EMO004299;NORD;36010087;SK;4;kW;380;8.29;50;;;6306;6306;112M;;3;0.83;86.6;55;Class F;S1;Delta;Not Available;;;;-;-;-;;Internal;Vertical
EMO004300;NORD;33511170;SK;0.75;kW;380;1.97;50;4P;1445;;;Gear Box;;3;;;;;;;;;;;-;-;-;;Internal;Vertical
EMO004301;NORD;36012070;SK;4;kW;380;8.6;50;4P;1425;;;112M;;3;0.8;;55;Class F;S1;Start;Not Available;;;;-;-;-;;Internal;Vertical
EMO004302;NORD;201759311;SK;3;kW;380;6.61;50;4P;1440;;;100A;;3;0.77;85.5;55;Class F;S1;Delta;Not Available;;;;-;-;-;;Internal;Vertical
EMO004303;NORD;36012081;SK;4;kW;380;8.29;50;4P;1440;;;112M;;3;0.83;86.6;55;Class F;S1;Delta;Not Available;;;;-;-;-;;Internal;Vertical
EMO004304;NORD;36010087;SK;4;kW;380;8.29;50;2P;2940;6306;6306;112M;;3;0.83;86.6;55;Class F;S1;Delta;Not Available;;;;;;;;Internal;Vertical
EMO004305;Marathon;WX11000280-1002J;HJN1;15;kW;380;28.4;50;2P;2940;6309;6309;160M;;3;0.89;90.3;55;Class F;S1;Delta;Not Available;;;;210;255;160;;Internal;Horizontal
EMO004306;Marathon;WX11000280-1001J;HJN1;15;kW;380;28.4;50;6P;970 ;6309;6309;160M;;3;0.89;90.3;55;Class F;S1;Delta;Not Available;;;;210;225;160;;Internal;Horizontal
EMO004173;Marathon;72107101J;HJN1;7.5;kW;380;17;50;6P;975 ;6309;6309;160M;;3;0.77;87.2;55;Class F;S1;Delta;Not Available;;;;;;;;Internal;Horizontal
EMO004176;Marathon;72107201J;HJN1;15;kW;380;31.4;50;6P;975 ;6311;6311;180L;;3;0.81;89.7;55;Class F;S1;Delta;Not Available;;;;210;260;180;;Internal;Horizontal
EMO004175;Marathon;72107203J;HJN1;15;kW;380;31.4;50;4P;1470;6311;6311;180L;;3;0.81;89.7;55;Class F;S1;Delta;Not Available;;;;280;280;180;;Internal;Horizontal
EMO004091;Marathon;72104411;HJN1;30;kW;380;57.4;50;4P;1470;6312;6312;200L;;3;0.86;92.3;55;Class F;S1;Delta;Not Available;;;;;;;;Internal;Horizontal
EMO004092;Marathon;;HJN1;30;kW;380;57.4;50;6P;985 ;6312;6312;200lC;;3;0.86;92.3;55;Class F;S1;Delta;Not Available;;;;;;200;;Internal;Horizontal
EMO004093;Marathon;72106001J;HJN1;132;kW;380;244;50;6P;990 ;6319;6319;315L;;3;0.87;;55;Class F;S1;Delta;Available;;;;300;320;315;;Internal;Horizontal
EMO004094;Marathon;72106201J;HJN1;160;kW;380;291;50;6P;1000;6322;6322;355M;;3;0.88;94.8;55;Class F;S1;Delta;Available;;;;500;500;355;;Internal;Horizontal
EMO004295;TMEIC;D167110ML;ICFTCHK11;1000;KW;655;1060;50;4P;1480;6232;6230;450-1250;;3;;;44;Class F;S1;;Available;;;;;;355;;Internal;Horizontal
EMO004139;Marathon;72105219J;HJN1;75;kW;380;139;50;4P;147 ;6317;6317;280S;;3;0.87;94;55;Class F;S1;Delta;Available;;;;;;2820;;Internal;Horizontal
EMO004140;Marathon;72104302J;HJN1;22;kW;380;42.4;50;4P;1485;6311;6311;180L;;3;0.86;91.6;55;Class F;S1;Delta;Not Available;;;;;;;;Internal;Horizontal
EMO004142;Thosiba;E167400H14;IDFCHKWII;200;kW;3000;47.8;50;4P;1480;6324;6220;280L;;3;;;44;Class F;S1;;Available;;;;;;;;Internal;Horizontal
EMO005248;Marathon;;HJN1;37;kW;380;69.7;50;4P;1484;6313;6313;225S;;3;0.87;92.7;55;Class F;S1;Delta;Not Available;;;;;;;;Internal;Horizontal
EMO004143;ABB;4,44011E+11;M3BP;200;kW;380;366;50;8P;740 ;6319;6319;315M;;3;0.87;;55;Class F;;Delta;Available;;1;1;460;460;315;;Internal;Horizontal
EMO003873;TMEIC;E167370HF;IDFCHKWII;200;kW;3000;53;50;4P;1470;NU328;6224;355H;;3;;;44;Class F;S1;;Available;;;;;;355;;Internal;Horizontal
EMO004000;Marathon;AK15192501J;HJN1;30;kW;380;57.4;50;4P;1470;NU312;6312;200L;;3;0.86;92.3;55;Class F;S1;Delta;Available;;;;;;;;Internal;Horizontal
EMO005016;ABB;3GAL132247-BDBSU01;M3AL;30;kW;380;61;50;2P;4100;6308;6206;132MD;;3;;92.3;55;Class F;S1;Delta;Not Available;;;;210;340;132;;Internal;Vertical
EMO004346;oy fromberg AB;4514010;HXUR;75;kW;380;142;50;4P;1473;6315;6313;250M;;3;0.87;;55;Class F;S1;Delta;Available;;;;;;250;;Internal;Horizontal
EMO004347;ABB;3172640;HXUR;75;kW;380;141;50;4P;1485;6315;6313;250M;;3;0.86;;55;Class F;S1;Delta;Available;;;;350;400;250;;Internal;Horizontal
EMO004348;Oy fromberg AB;4511079;HXUR;132;kW;380;245;50;4P;1485;6319;6316;315;;3;0.88;;55;Class F;S1;Delta;Available;;;;350;400;315S;;Internal;Horizontal
EMO004349;Oy fromberg AB;4516292;HXUR;132;kW;380;245;50;4P;1480;6319;6316;315;;3;0.88;;55;Class F;S1;Delta;Available;;;;405;500;315S;;Internal;Horizontal
EMO004350;TMEIC;E167330HF;IDFCHKWII;250;kW;3000;59;50;4P;1480;NU326;6220;315;;3;;;44;Class F;S1;;Available;;;;405;500;315H;;Internal;Horizontal
EMO004351;TMEIC;E167332HF;IDFCHKWII;250;kW;3000;59;50;4P;1485;NU326;6220;315;;3;;;44;Class F;S1;;Available;;;;700;500;315;;Internal;Horizontal
EMO004352;TMEIC;E167343HF;IDFCHKWII;315;kW;3000;75;50;4P;1485;NU328;6224;355H;;3;;;44;Class F;S1;;Available;;;;700;500;355;;Internal;Horizontal
EMO004353;TMEIC;E167342HF;IDFCHKWII;315;kW;3000;75;50;6P;990 ;NU328;6224;355H;;3;;;44;Class F;S1;;Available;;;;890;595;355;;Internal;Horizontal
EMO004354;Marathon;AK-15194801J;HJN1;160;kW;380;291;50;4P;1473;NU322;6322;355M;;3;0.88;94.8;55;Class F;S1;;Available;;;;;;355;;Internal;Horizontal
EMO004096;Marathon;72105003J;HJN1;55;kW;380;103;50;4P;1485;6314;6314;250M;;3;0.87;93.5;55;Class F;S1;;Available;;;;;;250;;Internal;Horizontal
EMO004097;Marathon;'72107081;HAA;355;kW;3000;85.2;50;6P;985 ;6324;6324;400;;3;0.86;;55;Class F;S1;Start;Available;;;;;;;;Internal;Horizontal
EMO004098;Marathon;72105807J;HJN1;110;kW;380;206;50;6P;990 ;6319;6319;315L;;3;0.86;;55;Class F;S1;Delta;Available;;;;;;;;Internal;Horizontal
EMO004099;Marathon;72106504j;HAA;200;kW;3000;51;50;6P;990 ;6324;6324;400;;3;0.82;91.9;55;Class F;S1;Start;Available;;;;;;400;;Internal;Horizontal
EMO004100;Marathon;72106503J;HAA;200;kW;3000;51;50;4P;1480;6324;6324;400;;3;0.82;;55;Class F;S1;Start;Available;;;;;;400;;Internal;Horizontal
EMO004101;Marathon;72104803j;HJN1;45;kW;380;84.4;50;4P;1455;6313;6313;225m;;3;0.87;93.1;55;Class F;S1;Delta;Not Available;;;;;;225;;Internal;Horizontal
EMO004273;SEW;;DRE;5.5;kW;380;11.1;50;4P;;;;132M4;;3;0.85;88.5;55;Class F;S1;Delta;Not Available;;;;;;;;Internal;Vertical
EMO004340;ABB;172;MBT;11;kW;380;23;50;6P;970 ;;;160;;3;;;;;;;Not Available;;;;-;-;;;Internal;Vertical
EMO004274;SEW;;DRE;1.5;kW;380;3.7;50;4P;1445;;;112M;;3;0.72;80.9;55;Class F;S1;Delta;Not Available;;;;-;-;;;Internal;Vertical
EMO000410;ABB;;MBT;15;KW;380;30;50;4P;1750;;;160L;;3;;;;class F;S;;Available;;;;-;-;160;;Internal;Horizontal
EMO004513;TMEIC;E167200HK;IDFCHK11;250;KW;420;405;50;4P;1750;6220;6220;280L;;3;;;44;Class F;s1;;Available;;;;Drive;;280;;Internal;Horizontal
EMO001288;TMEIC;;IDFCHK11;355;kw;420;575;59;4P;1750;6220;6220;315h;;3;;;44;Class F;S1;;Available;;;;Drive;;315;;Internal;Horizontal
EMO004515;TOSHIBA;60027256;IKK;11;KW;420;19.5;60;4P;1482;6310;6208;160M;;3;;;44;Class F;S1;;Not Available;;;;Drive;;160;;Internal;Horizontal
EMO004337;Siemens;N-H41479855010001;ILA4;355;KW;3000;84;50;4P;1482;6220 C3;6218 C3;;;3;0.85;;55;Class F;;;Available;;;;;;;;Internal;Horizontal
EMO004338;Siemens;N-H41479855010002;ILA4;355;KW;3000;84;50;4P;1492;6229 C3;6218 c3;;;3;9.85;;55;Class F;;;Available;;;;;;;;Internal;Horizontal
EMO004339;Siemens;N-H41479855010003;ILA4;355;KW;3000;84;50;2P;2915;6220 C3;6218 c3;;;3;0.85;;55;Class F;;;Available;;;;;;;;Internal;Horizontal
EMO003929;ABB;4,34729E+11;M3BP;11; ;380;20.5;50;2P;2975;6309;6309;160M;;3;0.89;;55;Class F;S1;Delta;Not Available;;;;;;160;;Internal;Horizontal
EMO003978;NORD;;SK;5.5;KW;380;6.2;50;4P;1465;;;112M;;3;;;55;Class F;s1;;Not Available;;;;;;112;;Internal;Horizontal
EMO004556;Marathon;;HJN1;15;kW;380;30;50;4P;1470;6309;6309;160L;;3;0.85;90.6;55;Class F;S1;Delta;Available;;;;;;160;;Internal;Horizontal
EMO003096;TECO;;AEEB;15;kW;380;28.5;50;2P;;6309;6307;160M;;3;;;55;Class B;S1;Delta;Not Available;;;;;;160;;Internal;Horizontal
EMO003948;TMEIC;D167140ML;ICD-CHKM11;480;KW;355/365;980/880;50;4P/12P;458/1935;6232;6230;450-1400;;3;;;44;Class B;S1;;Available;;;;;;450;;Internal;Horizontal
EMO004559;Toshiba;FCKLSW21E;IKH6;3.7;KW;380;7.9;58.7;4P;1460;6207;6206;112M;;3;;;44;Clas F;S1;;Available;;;;Drive;;355;;Internal;Horizontal
EMO004521;TMEIC;;IDFCHK11;500;kw;420;800;58.7;4P;1750;6224;6224;355H;;3;;;44;Class F;S1;;Available;;;;Drive;;355;;Internal;Horizontal
EMO004522;TMEIC;;IDFCHK11;500;kw;420;800;50;4P;1750;6224;6224;355H;;3;;;44;Class F;S1;;Available;;;;Drive;;355;;Internal;Horizontal
EMO004495;TMEIC;E167150HF;IDFCHK11;75;kw;420;123;59;4P;1750;6218;6216;250na;;3;;;44;Class F;S1;;Available;;;;Drive;;250;;Internal;Horizontal
EMO004496;TMEIC;E167160HF;IDFCHK11;250;KW;420;405;58.8;4P;1750;6220;6220;280L;;3;;;44;Class F;S1;;Available;;;;Drive;;280;;Internal;Horizontal
EMO004497;TMEIC;E167110HF;IDFCHK11;300;KW;420;500;59;4P;1750;6220;6220;315H;;3;;;44;Class F;S1;;Available;;;;Drive;;315;;Internal;Horizontal
EMO004498;TMEIC;E167120HF;IDFCHK11;335;KW;420;535;59;4P;1750;6220;6220;315H;;3;;;44;Class F;S1;;Available;;;;Drive;;315;;Internal;Horizontal
EMO004499;TMEIC;E167130HF;IDFCHK11;400;KW;420;630;59;4P;1750;6224;6224;355H;;3;;;44;Class F;S1;;Available;;;;Drive;;355;;Internal;Horizontal
EMO004500;TMEIC;E167140HF;IDFCHK11;400;KW;420;630;59;4P;1750;6224;6224;355H;;3;;;44;Class F;S1;;Available;;;;Drive;;355;;Internal;Horizontal
EMO004501;TMEIC;E167150HF;IDFCHK11;400;KW;420;630;59;4P;1750;6224;6224;355H;;3;;;44;Class F;S1;;Available;;;;Drive;;355;;Internal;Horizontal
EMO004502;TOSHIBA;60027252;IKK;15;KW;420;26;60;4P;1750;6310;6208;160L;;3;;;44;Class F;S1;;Available;;;;Drive;;160;;Internal;Horizontal
EMO004508;TMEIC;E167190HM;IDFCHK11;75;KW;420;123;59;4P;1750;6218;6216;250MA;;3;;;44;Class F;S1;;Available;;;;Drive;;250;;Internal;Horizontal
EMO004509;TMEIC;E167160HF;IDFCHK11;335;KW;420;535;59;4P;1750;6220;6220;315H;;3;;;44;Class F;S1;;Available;;;;Drive;;315;;Internal;Horizontal
EMO004510;TMEIC;E167170HF;IDFCHK11;500;KW;420;800;58.7;4P;1750;6224;6224;355H;;3;;;44;Class F;S1;;Available;;;;Drive;;3565;;Internal;Horizontal
EMO004511;TOSHIBA;60027250;TIKK;15;KW;420;26;60;4P;1750;6310;6208;160L;;3;;;44;Class F;S1;;Not Available;;;;Drive;;160;;Internal;Horizontal
EMO004503;TOSHIBA;60027253;IKK;11;KW;420;19.5;60;4P;1750;6310;6208;160M;;3;;;44;Class F;S1;;Available;;;;Drive;;160;;Internal;Horizontal
EMO004504;TOSHIBA;60027258;IKK;11;KW;420;19.5;60;4P;1750;6310;6208;160M;;3;;;44;Class F;S1;;Available;;;;Drive;;160;;Internal;Horizontal
EMO004505;TMEIC;E167170HM;IDFCHK11;250;KW;420;405;58.8;4P;1750;6220;6220;280L;;3;;;44;Class F;S1;;Available;;;;Drive;;280;;Internal;Horizontal
EMO004506;TMEIC;E167180HM;IDFCHK11;110;KW;420;178;59;4P;1750;6220;6220;280MD;;3;;;44;Class F;S1;;Available;;;;Drive;;280;;Internal;Horizontal
EMO004507;TOSHIBA;60027251;TIKK;15;KW;420;26;50;4P;1480;6310;6208;160L;;3;;;44;Class F;S1;;Available;;;;Drive;;160;;Internal;Horizontal
EMO004136;Marathon;72105405i;HJN1;90;kW;380;167;50;4P;1480;6317;6317;280M;;3;0.87;94.2;55;Class F;S1;Delta;Available;;;;425;460;280;;Internal;Horizontal
EMO004137;Marathon;72105403i;HJN1;90;kW;380;167;50;4P;1460;6317;6317;280M;;3;0.87;94.2;55;Class F;S1;Delta;Available;;;;425;460;280;;Internal;Horizontal
EMO004455;TECO;;AEEB;7.5;KW;380;15.2;50;4P;1460;6309;6306;132S;;3;;;55;Class F;S1;Delta;Not Available;;;;;;132;;Internal;Vertical
EMO004456;TECO;;AEEB;7.5;KW;380;15.2;50;4P;1460;6309;6306;132S;;3;;;55;Class F;S1;Delta;Not Available;;;;;;132;;Internal;Vertical
EMO004457;TECO;;AEEB;7.5;KW;380;15.2;50;4P;1470;6309;6306;132S;;3;;;55;Class F;S1;Delta;Not Available;;;;;;132;;Internal;Vertical
EMO004138;Marathon;72104401J;HJN1;30;kW;380;57.4;50;2P;2970;6312;6312;100L;;3;0.86;92.3;55;Class F;S1;Delta;Not Available;;;;;;;;Internal;Horizontal
EMO004115;Marathon;72105501J;HJN1;90;kW;380;160;50;2P;2880;6314;6314;280M;;3;0.91;;55;Class F;S1;Delta;Available;;;;;;;;Internal;Horizontal
EMO004116;Marathon;72106602J;HAA;200;kW;3000;54.2;50;2P;2880;6319;6319;355;;3;0.85;91.76;55;Class F;S1;Start;Available;;;;;;;;Internal;Horizontal
EMO004117;Marathon;72106605J;HAA;200;kW;3000;54.2;50;2P;2970;6319;6319;355;;3;0.85;91.76;55;Class F;S1;Start;Available;;;;;;;;Internal;Horizontal
EMO004118;Marathon;72105309J;HJN1;75;kW;380;135;50;4P;1470;6314;6314;280S;;3;0.9;;55;Class F;S1;Delta;Available;;;;;;;;Internal;Horizontal
EMO004119;Marathon;72104101J;HJN1;18.5;kW;380;35.8;50;4P;1470;6311;6311;180M;;3;0.86;;55;Class F;S1;Delta;Not Available;;;;;;;;Internal;Horizontal
EMO004127;Marathon;72104304J;HJN1;22;kW;380;42.4;50;2P;2965;6311;6311;180M;;3;0.86;;55;Class F;S1;Delta;Not Available;;;;240;280;180;;Internal;Horizontal
EMO004120;Marathon;72104901J;HJN1;45;kW;380;81.8;50;2P;2965;6313;6313;225M;;3;0.9;;55;Class F;S1;Delta;Not Available;;;;;;;;Internal;Horizontal
EMO004121;Marathon;72104413J;HJN1;30;kW;380;57.4;50;4P;1470;6312;6312;200L;;3;0.86;92.3;55;Class F;S1;Delta;Not Available;;;;;;;;Internal;Horizontal
EMO004122;Marathon;72104402J;HJN1;30;kW;380;57.4;50;4P;1465;6312;6312;200L;;3;0.86;92.3;55;Class F;S1;Delta;Not Available;;;;;;;;Internal;Horizontal
EMO004123;Marathon;72103902J;HJN1;11;kW;380;22.2;50;4P;1465;6309;6309;160M;;3;0.84;89.8;55;Class F;S1;Delta;Not Available;;;;;;;;Internal;Horizontal
EMO004321;GRUNDFOS;CR5-26 AFGJA-E-HQQE;A96513391P31602;4;;380;7.92;50;2P;2900;;;HJN1;;3;;;;;;;;;;;215;250;160;;Internal;Horizontal
EMO004202;Marathon;72103801j;HJN1;7.5;kw;380;14.7;50;2P;2900;6308;6308;132s;;3;0.88;87;55;Class F;S1;Delta;Not Available;;;;140;210;132;;Internal;Horizontal
EMO004203;Marathon;72103601j;HJN1;5.5;kw;380;10.9;50;4P;1480;6308;6308;132s;;3;0.88;88.1;55;Class F;S1;Delta;Not Available;;;;140;210;132;;Internal;Horizontal
EMO004131;Marathon;72105401i;HJN1;90;kW;380;167;50;4P;1480;6317;6317;280M;;3;0.87;94.2;55;Class F;S1;Delta;Available;;;;425;460;280;;Internal;Horizontal
EMO004132;Marathon;72105402i;HJN1;90;kW;380;167;50;2P;2955;6317;6317;280M;;3;0.87;94.2;55;Class F;S1;Delta;Available;;;;425;460;280;;Internal;Horizontal
EMO004149;Marathon;;HJN1;45;KW;380;81.8;50;4P;1470;6313;6313;255L;;3;0.9;;55;Class F;S1;Delta;Not Available;;;;;;255;;Internal;Horizontal
EMO004133;Marathon;72104414J;HJN1;30;kW;380;57.4;50;4P;1430;6312;6312;200L;;3;0.86;92.3;55;Class F;S1;Delta;Not Available;;;;;;;;Internal;
EMO004204;ABB;;MT;2.2;kW;380;4;50;4P;1430;;;100L;;3;0.77;;55;Class F;;Start;Not Available;;;;;;100;;Internal;Horizontal
EMO004205;ABB;;MT;2.2;kW;380;4;50;4P;1430;;;100L;;3;0.77;;55;Class F;;Start;Not Available;;;;140;160;100;;Internal;Horizontal
EMO004150;ABB;;MT;2.2;KW;380;4;50;2P;2900;;;100L;;3;0.77;;55;Class F;;Start;Not Available;;;;140;160;100;;Internal;Horizontal
EMO004185;Marathon;;HJN1;4;kW;380;8;50;4P;1465;6306;6306;112M;;3;0.88;85.8;;;;Delta;Not Available;;;;;;112;;Internal;Horizontal
EMO004134;Marathon;72104002J;HJN1;15;kW;380;29.6;50;4P;1465;6309;6309;160L;;3;0.85;;55;Class F;S1;Delta;Not Available;;;;;;;;Internal;
EMO004135;Marathon;72104001J;HJN1;15;kW;380;29.6;50;2P;2910;6309;6309;160L;;3;0.85;;55;Class F;S1;Delta;Not Available;;;;;;;;Internal;
EMO004047;ASEA;260402;M;22;kW;380;38;50;2P;2960;;;180M;;3;;;;;;Delta;Available;;;;;;180;;Internal;Horizontal
EMO003935;ABB;3G1F1803488579;M3BP;37;kW;400;64.2;50;4P;1475;6312;6210;200ML;;3;0.89;;55;Class F;S1;Delta;Available;;;;365;450;280;;Internal;Horizontal
EMO004532;Marathon;WX11000301-1001J;HK;37;kW;380;69.7;50;4P;1480;6313;6313;225S;;3;0.87;91.7;55;Class F;S1;Delta;Not Available;;;;;;225;;Internal;Horizontal
EMO004531;Marathon;AK-15194901J;HJN1;160;kW;380;288;50;4P;1475;NU319;6319;315L;;3;0.89;94.9;55;Class F;S1;Delta;Available;;;;310;352;315;;Internal;Horizontal
EMO004336;Marathon;15195101J;HJN1;15;kW;380;29.6;50;2P;2850;6309;6309;160L;;3;0.85;;55;Class F;S1;Delta;Available;;;;;;160;;Internal;
EMO004395;Briwatech GMBH;167334;Rubin 220;2.2;kw;380;4.7;50;2P;2850;;;220;;3;0.75;;55;Class F;S1;start;Not Available;;;;120;240;220;;Internal;Vertical
EMO004480;Briwatech GMBH;;Rubin 220;2.2;kW;380;4.7;50;2P;2900;;;220;;3;0.75;;55;Class F;S1;start;Not Available;;;;120;240;220;;Internal;Vertical
EMO004537;Marathon;WX11000212-1001J;HJN1;7.5;kW;380;14.7;50;8P;790 ;6308;6308;132S;;3;0.88;88.1;55;Class F;S1;Delta;Not Available;;;;;;132;;Internal;Horizontal
EMO004534;Marathon;WX11000282-1002J;HJN1;110;kW;380;224;50;4P;1490;6319;6319;315L;;3;0.82;91.1;55;Class F;S1;Delta;Available;;;;;;315;;Internal;Horizontal
EMO004533;Marathon;AK-15195801J;HJN1;315;kW;380;559;50;4P;1480;NU322;6322;355L;;3;0.9;95.1;55;Class F;S1;Delta;Available;;;;;;355;;Internal;Horizontal
EMO004536;Marathon;AK-15196201J;HJN1;200;kW;380;359;50;2P;2900;NU319;6319;315L;;3;0.89;95.1;55;Class F;S1;Delta;Available;;;;;;315;;Internal;Horizontal
EMO004541;Marathon;WX11000212-1002J;HJN1;7.5;kW;380;14.7;50;8P;740 ;6308;6308;132S;;3;0.88;88.1;55;Class F;S1;Delta;Not Available;;;;;;132;;Internal;Horizontal
EMO004539;Marathon;WX11000282-1001J;HK;110;kW;380;224;50;4P;1490;6319;6319;315L;;3;0.82;91.1;55;Class F;S1;Delta;Available;;;;;;315;;Internal;Horizontal
EMO004538;Marathon;AK-15195901J;HJN1;315;kW;380;559;50;4P;1480;NU322;6322;355L;;3;0.9;95.1;55;Class F;S1;Delta;Available;;;;;;355;;Internal;Horizontal
EMO004540;Marathon;AK-15196101J;HJN1;200;kW;380;359;50;4P;1465;NU319;6319;315L;;3;0.89;95.1;55;Class F;S1;Delta;Available;;;;;;315;;Internal;Horizontal
EMO004542;Marathon;AK-15195301J;HJN1;15;kW;380;29.6;50;4P;1425;NU309;6309;160L;;3;0.85;90.6;55;Class F;S1;Delta;Available;;;;;;160;;Internal;Horizontal
EMO004546;Marathon;71942401J;HJN1;3;kW;380;6.5;50;8P;740 ;6206;6206;100L;;3;0.82;85.5;55;Class F;S1;Start;Not Available;;;;;;100L;;Internal;Horizontal
EMO004544;Marathon;WX11000282-2001J;HK;75;kW;380;156;50;4P;1480;;;HJN1;;3;;;;;;;;;;;;;100;;Internal;
EMO004543;Marathon;AK-15196001J;HJN1;132;kW;380;241;50;4P;1480;NU319;6319;315M;;3;0.88;;55;Class F;S1;Delta;Available;;;;;;315;;Internal;Horizontal
EMO004545;Marathon;AK-15196301J;HJN1;110;kW;380;201;50;4P;1465;NU319;6319;315S;;3;0.88;94.5;55;Class F;S1;Delta;Available;;;;;;315;;Internal;Horizontal
EMO004547;Marathon;AK-15195201J;HJN1;15;kW;380;29.6;50;4P;1480;NU309;6309;160L;;3;0.85;90.6;55;Class F;S1;Delta;Available;;;;;;160;;Internal;Horizontal
EMO004548;Marathon;AK-1595001J;HJN1;37;kW;380;69.7;50;4P;1400;NU313;6313;225S;;3;0.87;92.7;55;Class F;S1;Delta;Available;;;;;;225;;Internal;Horizontal
EMO004549;HARTING;26852504;BK6011U/D09XA;3;kW;380;6.8;50;4P;1400;;;Gear Box;;3;0.86;;;Class F;;Delta;;;;;;;;;Internal;Vertical
EMO004550;HARTING;26850095;BK6011U/D09XA;3;kW;380;6.8;50;4P;1400;;;Gear Box;;3;0.86;;;Class F;;Delta;;;;;-;-;-;;Internal;Vertical
EMO004551;HARTING;26850095;BK6011U/D09XA;3;kW;380;6.8;50;4P;1400;;;Gear Box;;3;0.86;;;Class F;;Delta;;;;;-;-;-;;Internal;Vertical
EMO004552;HARTING;26850095;BK6011U/D09XA;3;kW;380;6.8;50;4P;1400;;;Gear Box;;3;0.86;;;Class F;;Delta;;;;;-;-;-;;Internal;Vertical
EMO004553;HARTING;26852504;BK6011U/D09XA;3;kW;380;6.8;50;4P;1400;;;Gear Box;;3;0.86;;;Class F;;Delta;;;;;-;-;-;;Internal;Vertical
EMO004554;HARTING;26852504;BK6011U/D09XA;3;kW;380;6.8;50;4P;1400;;;Gear Box;;3;0.86;;;Class F;;Delta;;;;;-;-;-;;Internal;Vertical
EMO004555;HARTING;26852504;BK6011U/D09XA;3;kW;380;6.8;50;4P;1400;;;Gear Box;;3;0.86;;;Class F;;Delta;;;;;-;-;-;;Internal;Vertical
EMO004610;SEW;18505600;DRS71S4;0.15;kW;380;0.31;50;4P;1405;;;Gear Box;;3;0.86;;;Class F;;Delta;;;;;-;-;-;;Internal;Vertical
EMO004382;ABB;;M2BA;22;kW;380;43;50;4P;1460;6310;6310;180L;;3;0.84;;55;Class F;S1;Delta;Available;;;;250;270;180;;Internal;Horizontal
EMO004386;Stromberg;203454;HXUR;22;kW;380;43;50;4P;1450;6310;6310;180M;;3;0.86;;55;Class B;S1;Delta;Available;;;;;;;;Internal;Horizontal
EMO004387;Stromberg;9560MP;HXUR;15;kW;380;30;50;4P;1420;6309;6308;160L;;3;0.6;;54;Class B;S1;Delta;Available;;;;;;;;Internal;Horizontal
EMO004385;ABB;;M2AA;0.5;kW;380;2;50;4P;1485;6305;6204;BHUR;;3;0.76;;55;Class F;;Delta;Not Available;;;;;;90;;Internal;Horizontal
EMO004383;GMBH;1511464926;FCM;55;kW;380;102;50;4P;1485;;;250M;;3;0.87;93.5;55;Class F;S1;Delta;Not Available;;;;;;;;Internal;Horizontal
EMO004384;GMBH;1511464929;FCM;55;kW;380;102;50;4P;1460;;;250;;3;0.87;93.5;55;Class F;S1;Delta;Not Available;;;;-;-;250;;Internal;Horizontal
EMO004388;GMBH;1503361972;FCPA;7.5;kW;380;15.3;50;4P;1460;;;132;;3;0.84;88.7;55;Class F;S1;Delta;Not Available;;;;-;-;132;;Internal;Horizontal
EMO004389;GMBH;1509440640;FCPA;7.5;kW;380;15.3;50;4P;1485;;;132;;3;0.84;88.7;55;Class F;S1;Delta;Not Available;;;;;;132;;Internal;Horizontal
EMO004390;GMBH;1501337911;FCMP;90;kW;380;167;50;4P;1485;;;280;;3;0.87;94.2;55;Class F;S1;Delta;Not Available;;;;;;280;;Internal;Horizontal
EMO004391;GMBH;1501337922;FCMP;90;kW;380;167;50;4P;1425;;;280;;3;0.87;94.2;55;Class F;S1;Delta;Not Available;;;;;;280;;Internal;Horizontal
EMO004392;GMBH;0186705035103H;K2IR;4;kW;380;8.7;50;4P;1435;;;112M;;3;0.78;;55;;;Delta;Not Available;;;;140;190;112;;Internal;Horizontal
EMO004393;Fromberg;8103MP;HXUR;4;KW;380;8.7;50;4P;1470;6307;6206;225;;3;0.83;;55;Class F;S1;Delta;Not Available;;;;;;225;;Internal;Horizontal
EMO004562;Hoyer;SH5881320116;HMC3-SH;11;kW;400;21;50;4P;1425;6309;6309;160M;;3;0.85;;55;Class F;S1;Delta;Not Available;;;;;;160;;Internal;Horizontal
EMO004563;BEVI;S05-226-032;25IEL;1.5;kW;400;3.4;50;6P;975 ;;;90L;;3;0.76;82.8;55;Class F;S1;Delta;Not Available;;;;;;90;;Internal;Horizontal
EMO004526;Olaer;;YXL;1.5;KW;380;4;50;4P;1460;;;100l;;3;;;55;Class F;S1;Start;Not Available;;;;;;100;;Internal;Horizontal
EMO004396;Oy fromberg AB;7474MP;HXUR;22;kW;380;43;50;4P;1450;6310;6309;180L;;3;0.86;;54;Class F;S1;Delta;Available;;;;;;180;;Internal;Horizontal
EMO004397;Stromberg;944TM;HXUR;22;kW;380;45;50;4P;1430;6310;6309;180;;3;0.82;;54;Class F;S1;Delta;Available;;;;;;180;;Internal;Horizontal
EMO004398;ABB;MK110062-D;MT;2.2;kW;380;5.2;50;4P;1470;;;100L;;3;0.76;;55;Class F;S1;Delta;Not Available;;;;;;100;;Internal;Horizontal
EMO004421;TECO;E715A240001;AEEFLD;37;kW;380;71.6;50;4P;1470;6314;6212;200LC;;3;;;55;Class F;S1;Delta;Not Available;;;;;;;;Internal;
EMO004422;TECO;E715A240002;AEEFLD;37;kW;380;71.6;50;4P;1470;6314;6212;200LC;;3;;;55;Class F;S1;Delta;Not Available;;;;;;;;Internal;
EMO004423;TECO;E715A240003;AEEFLD;37;kW;380;71.6;50;4P;1435;6314;6212;200LC;;3;;;55;Class F;S1;Delta;Not Available;;;;;;;;Internal;
EMO004424;TECO;E315A669001;AEEFPA;2.2;kW;380;5.12;50;4P;1470;6206;6305;100L;;3;;;55;Class F;S1;Start;Not Available;;;;;;;;Internal;
EMO004404;ABB;A405003085006;M2QA;55;KW;380;102;50;4P;1470;6314;6214;250M;;3;0.88;;55;Class F;S1;Delta;Available;;;;350;400;250;;Internal;Horizontal
EMO004405;ABB;A405003085002;M2QA;55;KW;380;102;50;4P;1425;6314;6214;250M;;3;0.88;;55;Class F;S1;Delta;Available;;;;350;400;250;;Internal;Horizontal
EMO004406;TECO;;AEEBKB;1.5;KW;380;3.5;50;4P;1465;;;90L;;3;;;55;Class  F;S1;Star;Not Available;;;;;;90;;Internal;Horizontal
EMO004407;ABB;A403025061017;M2QA;22;kw;380;40.9;50;4P;1440;6310;6210;180L;;3;;;55;Class F;S1;Delta;Not Available;;;;;;180;;Internal;Horizontal
EMO004408;ABB;A404008041017;M2QA;7.5;KW;380;15.2;50;4P;1475;6208;6207;132L;;3;;;55;Class F;S1;Delta;Not Available;;;;;;132;;Internal;Vertical
EMO004409;TECO;2163713459;AEEBKB;1.5;kW;380;3.52;50;4P;1425;6205;6205;90L;;3;;;55;Class F;S1;Start;Not Available;;;;;;;;Internal;
EMO004523;Olaer;;YXL;1.5;kw;380;4;50;4P;1470;;;100L;;3;;;55;Class F;S1;Start;Not Available;;;;*;*;100;;Internal;Horizontal
EMO004425;ABB;3857MT;HXUR;30;KW;380;58;50;4P;1450;6312;6311;200M;;3;0.86;;55;Class F;S1;Delta;Available;;;;270;310;200;;Internal;Horizontal
EMO004427;ABB;5140VM;HXA;22;KW;380;45;50;4P;1480;6310;6309;180L;;3;0.82;;55;Class F;S1;Delta;Available;;;;;;180;;Internal;Horizontal
EMO004426;ABB;4190VM;HXA;30;kW;380;59;50;4P;1470;6312;6311;200ML;;3;0.84;;55;Class F;S1;Delta;Available;;;;;;200;;Internal;Horizontal
EMO004428;ABB;;M2HA;2.2;KW;380;5.2;50;4P;1430;;;100;;3;;;55;Class F;S1;Start;Not Available;;;;;;100;;Internal;Horizontal
EMO004524;TATUNG;63082016;IK;3.7;KW;380;8.7;50;4P;1460;6307;6206;112;;3;;;54;Class F;S1;;Not Available;;;;140;180;112;;Internal;Horizontal
EMO004525;TATUNG;;;37;KW;380;71;50;4P;1460;;;;;3;;;55;Class F;S1;;Not Available;;;;;;;;Internal;Horizontal
EMO004417;TATUNG;;;37;KW;380;71;50;4P;1460;;;;;3;;;55;Class F;S1;;Not Available;;;;;;;;Internal;Horizontal
EMO004418;TATUNG;63039774;BBFC-AD;18.5;KW;380;37.6;50;4P;1460;6310;6210;180;;3;;90.2;55;Class F;S1;;Not Available;;;;240;280;180;;Internal;Horizontal
EMO004419;TATUNG;63039775;BBFC-AD;18.5;KW;380;37.6;50;2P;2910;6310;6210;180;;3;;90.2;;Class F;S1;;Not Available;;;;240;280;180;;Internal;Horizontal
EMO004420;XUNSENG;;BC;0.5 Hp;HP;380;1.2;50;2P;2910;;;;;3;;;55;Class  F;S1;;;;;;;;;;Internal;Horizontal
EMO004527;ABB;MK420-30213D;HXA;37;KW;380;73;50;4P;1470;6312;6311;200l;;3;0.84;;55;Class F;S1;Delta;Available;;;;;;200;;Internal;Vertical
EMO004528;Oy fromberg AB;3133610;HXUR;37;KW;380;71;50;4P;1477;6312;6311;200l;;3;0.86;;54;Class F;S1;Delta;Available;;;;*;*;200;;Internal;Vertical
EMO004529;ABB;361P16300707;M3AA;18.5;kW;380;34.5;50;4P;1477;6310;6209;180MLA;;3;0.84;;55;Class F;S1;Delta;Not Available;;;;;;;;Internal;Horizontal
EMO004530;ABB;361P16300706;M3AA;18.5;kW;380;34.5;50;2P;2930;6310;6209;180MLA;;3;0.84;;55;Class F;S1;Delta;Not Available;;;;;;;;Internal;Horizontal
MFB000328;GARDNER DENVER;730-00675/062;G200 2BH1;25;kW;380;52;60;2P;2930;;;;;3;;91.4;55;;;Delta;Available;;;;210;250;160;;Internal;Vertical
MFB000329;GARDNER DENVER;;G200 2BH1;25;kW;380;52;60;4/10P;705/1855;;;;;3;;91.4;55;;;Delta;Available;;;;210;250;160;;Internal;Vertical
EMO004564;DEMAG;50617681;ZBF112A8/2;0.46/1.90;KW;380;2.50/4.30;50;2/12P;400/2870;;;112A;;3;0.49/0.85;;54;Class F;;Start;Not Available;;;;;;112;;Internal;Vertical
EMO004566;DEMAG;34619997;ZBR132D12/2;1.40/8.90;KW;380;9.60/18.50;50;2/10P;700/2860;;;132D;;3;0.54/0.89;;55;Class F;;Start/Delta;Not Available;;;;;;132;;Internal;Vertical
EMO004565;DEMAG;50617674;2BF132B8/2;0.88/3.50;KW;380;4.10/7.70;50;2/10P;705/2855;;;132B;;3;0.50/0.86;;54;Class F;;Start;Not Available;;;;;;132;;Internal;Vertical
EMO004567;DEMAG;50617685;2BF112A8/2;0.46/1.90;KW;380;2.50/4.30;50;2/12P;470/2915;;;112A;;3;0.45/0.85;;54;Class F;;Start/Delta;Not Available;;;;;;112;;Internal;Vertical
EMO004569;DEMAG;34620731;2BR200B12/2;3.4/21.7;KW;380;22/43;50;8P;970 ;;;200B;;3;0.36/0.90;;54;Class F;;Start;Not Available;;;;;;200;;Internal;Vertical
EMO004571;DEMAG;50616452;KBH225B;40;KW;380;95;50;4P;1410;;;225B;;3;0.79;;55;Class F;;Delta;Not Available;;;;;;225;;Internal;Vertical
EMO004572;DEMAG;50616452;KBA112B;5.2;KW;380;14.2;50;2/12P;470/2915 ;;;112B;;3;0.75;;55;Class F;;Start;Not Available;;;;;;112;;Internal;Vertical
EMO004570;DEMAG;34620730;2BR200B12/2;3.4/21.7;KW;380;22/43;50;2/10P;700/2880;;;200B;;3;0.36/0.90;;55;Class F;;Start/Delta;Not Available;;;;;;200;;Internal;Vertical
EMO004568;DEMAG;50617675;2BF132B8/2;0.88/3.50;KW;380;4.10/7.70;50;2/10P;705/2855;;;132;;3;0.50/0.86;;54;Class F;;Start/Delta;Not Available;;;;;;132;;Internal;Vertical
EMO004574;DEMAG;50617693;2BF112A8/12;0.46/1.90;KW;380;2.50/4.3;50;2/12P;470/2915;;;112a;;3;0.49/0.85;;54;Class F;;Start;Not Available;;;;;;112;;Internal;Vertical
EMO004575;DEMAG;34620247;ZBR200B12/2;3.4/21.7;KW;380;22/43;50;2/10P;700/2880;;;200B;;3;0.36/0.90;;54;Class F;;Start;Not Available;;;;;;200;;Internal;Vertical
EMO004573;DEMAG;50617676;ZBF132B8/12;0.88/3.50;KW;380;4.10/7.70;50;2P;2965;;;132B;;3;0.50/0.86;;54;Class F;;Start;Not Available;;;;;;132;;Internal;Vertical
EMO004535;Marathon;WX11000212-2001J;HJN1;45;KW;380;81.8;50;;;6113;6313;225m;;3;92.9;;55;Class F;S1;Delta;Not Available;;;;310;360;225;;Internal;Horizontal
EMO004492;;;;;;POSISI MOTOR SULIT TIDAK BISA DI CHECK;;50;;;;;;;3;;;;;;;;;;;310;360;225;;;
EMO003906;;;;;;POSISI MOTOR SULIT TIDAK BISA DI CHECK;;50;6P;1150;;;;;3;;;;;;;;;;;Drive;;;;;
EMO004493;TMEIC;E167050HF;IDF-CHKWII;750;KW;690;770;50;6P;1150;6228;6228;450;;3;;;44;Class  F;S1;;Available;;;;;;450;;Internal;Horizontal
EMO004494;TMEIC;E167060HF;IDFCHK11;750;kw;690;770;50;4P;1750;6228;6228;450;;3;;;44;Class F;S1;;Available;;;;Drive;;450;;Internal;Horizontal
EMO004517;TMEIC;E167520HM;IDFCHK11;250;KW;420;405;58.8;4P;1750;6220;6220;280L;;3;;;44;Class F;S1;;Available;;;;Drive;;280;;Internal;Horizontal
EMO004516;TOSHIBA;;TIKK;15;KW;420;26;60;;;6310;6208;160L;;3;;;44;Class F;S1;;Not Available;;;;Drive;;160;;Internal;Horizontal
EMO004518;TMEIC;;;33;;420;56;50;6P;1000;;;;;3;;;;;;;;;;;Drive;;;;;
EMO004641;SEW;;DRS;1.3;kW;400;3.3;50;2P;2830;;;90M;;3;0.8;60;54;Class  F;;;Not Available;;;;Drive;;;;Internal;Vertical
EMO005300;Hanning;IEC/ENC0034-30;7F2SS-0006;0.75;kW;220/400;3.1;50;2P;2830;;;;;3;0.77;78.3;55;Class  F;;Delta;Not Available;;;;;;;;Internal;Vertical
EMO004643;Hanning;;7F2SS-0006;0.75;kW;220/400;3.1;50;4P;1465;;;;;3;0.77;78.3;55;Class  F;;Delta;Not Available;;;;;;;;Internal;Vertical
EMO004318;Siemens;;ICV1;18.5;kw;380;35;50;4P;1465;6210;6210;180M;;3;0.84;;55;Class F;S1;Delta;Not Available;;;;;;180;;Internal;Vertical
EMO003847;ABB;;M2AA;18.5;KW;380;36;50;4P;1465;6310;6209;180M;;3;0.85;;55;Class F;S1;Delta;Not Available;;;;-;-;180;;Internal;Vertical
EMO004320;Siemens;;ICV2;18.5;KW;380;35;50;4P;1500;6210;6210;180M;;3;0.84;;55;Class F;S1;Delta;Not Available;;;;*;*;180;;Internal;Vertical
EMO004329;BOMEC;160413941;CM143P4;1.25;KW;400;3.12;50;4P;1500;NJ 2308;6308;;;3;;;;;;;Not Available;;;;;;;;Internal;Vertical
EMO004330;BOMEC;;CM143P4;1.25;kw;400;3.12;50;4P;1500;NJ 2308;6308;;;3;;;;;;;Not Available;;;;;;;;Internal;Vertical
EMO004332;BOMEC;160313669;CM143P4;1.25;kw;400;3.12;50;4P;1500;NJ 2038;6308;;;3;;;;;;;Not Available;;;;;;;;Internal;Vertical
EMO003803;BOMEC;160413836;CM143P4;1.25;KW;400;3.12;50;4P;1425;NJ 2308;6308;;;3;;;;;;;Not Available;;;;;;;;Internal;Vertical
EMO004439;Marathon;72103204J;HJN1;3;kW;380;6.5;50;4P;1425;6206;6206;100L;;3;0.82;85.5;55;Class F;S1;Star;Not Available;;;;;;100;;Internal;Horizontal
EMO004440;Marathon;72103203J;HJN1;3;kW;380;6.5;50;4P;1425;6206;6206;100L;;3;0.82;85.5;55;Class F;S1;Star;Not Available;;;;;;100;;Internal;Horizontal
EMO004441;Marathon;72103206J;HJN1;3;kW;380;6.5;50;4P;1425;6206;6206;100L;;3;0.82;85.5;55;Class F;S1;Star;Not Available;;;;;;100;;Internal;Horizontal
EMO004442;Marathon;72103206J;HJN1;3;kW;380;6.5;50;4P;1440;6206;6206;100L;;3;0.82;85.5;55;Class F;S1;Star;Not Available;;;;;;100;;Internal;Horizontal
EMO004443;Marathon;72103401J;HJN1;4;kW;380;8.56;50;4P;1440;6306;6306;112m;;3;0.82;86.6;55;Class F;S1;Delta;Not Available;;;;140;185;112;;Internal;Horizontal
EMO004444;Marathon;72103404;HJN1;4;kw;380;8.56;50;4P;1440;6306;6306;112m;;3;0.82;86.6;55;Class F;S1;Delta;Not Available;;;;140;185;112;;Internal;Horizontal
EMO004445;Marathon;72103402J;HJN1;4;kW;380;8.56;50;4P;1440;6306;6306;112M;;3;0.82;86.6;55;Class F;S1;Delta;Not Available;;;;;;112;;Internal;Horizontal
EMO004446;Marathon;72103403J;HJN1;4;kW;380;8.56;50;4P;1440;6306;6306;112M;;3;0.82;86.6;55;Class F;S1;Delta;Not Available;;;;;;112;;Internal;Horizontal
EMO004447;Marathon;72104202J;HJN1;22;kW;380;40.7;50;2P;2950;6311;6311;180L;;3;0.9;91.3;55;Class F;S1;Delta;Not Available;;;;;;180;;Internal;Horizontal
EMO004448;Marathon;72104201J;HJN1;22;kW;380;40.7;50;2P;2950;6311;6311;180L;;3;0.9;91.3;55;Class F;S1;Delta;Not Available;;;;;;180;;Internal;Horizontal
EMO001688;TECO;K950791-2;AEEBAC;11;kW;380;22.6;50;4P;1465;6309;6307;160M;;3;;;55;Class F;S1;Delta;Not Available;;;;210;250;160;;Internal;Horizontal
EMO004478;CUTES;0514086;YE3;7.5;kW;380;15;50;4P;1465;6208;6208;132M;;3;0.84;90;55;Class F;S1;Delta;Not Available;;;;;;132;;Internal;Horizontal
EMO004479;CUTES;0510571;YE3;5.5;kW;380;11.2;50;4P;1465;6208;6208;132S;;3;0.83;89.3;55;Class F;S1;Delta;Not Available;;;;;;132;;Internal;Horizontal
EMO004623;CUTES;0512759;YE3;5.5;kW;380;11.2;50;4P;1465;6208;6208;132S;;3;0.83;89.3;55;Class F;S1;Delta;Not Available;;;;;;132;;Internal;Horizontal
EMO004624;CUTES;0513076;YE3;7.5;kW;380;15;50;4P;1465;6208;6208;132M;;3;0.84;90;55;Class F;S1;Delta;Not Available;;;;;;132;;Internal;Horizontal
EMO004625;CUTES;0513081;YE3;7.5;kW;380;15;50;4P;1465;6208;6208;132M;;3;0.84;90;55;Class F;S1;Delta;Not Available;;;;;;132;;Internal;Horizontal
EMO004626;CUTES;0512760;YE3;5.5;kW;380;11.2;50;4P;1465;6208;6208;132S;;3;0.83;89.3;55;Class F;S1;Delta;Not Available;;;;;;132;;Internal;Horizontal
EMO004627;CUTES;0513080;YE3;7.5;kW;380;15;50;4P;1485;6208;6208;132M;;3;0.84;90;55;Class F;S1;Delta;Not Available;;;;;;132;;Internal;Horizontal
EMO004628;Marathon;72103901J;HJN1;11;kW;380;22.2;50;4P;1470;6306;6309;160M;;3;0.84;89.8;55;Class F;S1;Delta;Not Available;;;;;;160;;Internal;Horizontal
EMO004186;Marathon;72104405J;HJN1;30;kW;380;57.4;50;4P;1470;6312;6312;200L;;3;0.86;92.3;55;Class F;S1;Delta;Not Available;;;;;;200;;Internal;Horizontal
EMO004187;Marathon;72104403J;HJN1;30;kW;380;57.4;50;4P;1489;6312;6312;200L;;3;0.86;92.3;55;Class F;S1;Delta;Not Available;;;;;;200;;Internal;Horizontal
EMO004467;ABB Stormberg;4542195;HXUR;500;kW;3000;114;50;4P;1480;6324;6322;400L;;3;0.88;;55;Class F;S1;;;;;;;;;;Internal;Horizontal
EMO004468;TMEIC;E167312HF;IDF-BHKWII;355;kW;3000;85;50;4P;1480;NU326;6220;315H;;3;;;44;Class F;S1;;;;;;;;315;;Internal;Horizontal
EMO004469;TMEIC;E167313HF;IDF-BHKWII;355;kW;3000;85;50;4P;1485;NU326;6220;315H;;3;;;44;Class F;S1;;;;;;;;315;;Internal;Horizontal
EMO004470;TMEIC;E167350HF;IDF-BHKWII;400;kW;3000;95.5;50;4P;1485;6220;6220;315H;;3;;;44;Class F;S1;;;;;;;;315;;Internal;Horizontal
EMO004471;TMEIC;E167352HF;IDF-CHKWII;400;kW;3000;95.5;50;4P;1485;6220;6220;315H;;3;;;44;Class F;S1;;;;;;;;315;;Internal;Horizontal
EMO004472;TMEIC;E167360HF;IDF-CHKWII;300;kW;3000;72;50;4P;1485;6328;6224;355H;;3;;;44;Class F;S1;;Available;;;;;;355;;Internal;Horizontal
EMO004473;TMEIC;E167362HF;IDF-CHKWII;300;kW;3000;72;50;4P;1485;6328;6224;355H;;3;;;44;Class F;S1;;Available;;;;;;355;;Internal;Horizontal
EMO004474;TMEIC;E167363HF;IDF-CHKWII;300;kW;3000;72;50;4P;1489;6328;6224;355H;;3;;;44;Class F;S1;;Available;;;;;;355;;Internal;Horizontal
EMO004475;Stromberg;4540062-1088;HXUR;500;kW;3000;114;50;4P;1750;6324;6322;400L;;3;0.88;;55;Class F;S1;;Available;;;;;;400;;Internal;Horizontal
EMO004490;TMEIC;E167080HF;IDFCHK11;500;KW;420;800;58.7;4P;1750;6224;6224;355H;;3;;;44;Class F;S1;;Available;;;;Drive;680;355;;Internal;Horizontal
EMO003949;TMEIC;E167180HF;IDFCHK11;710;KW;410;1120;58.8;4P;1450;6228;6228;400H;;3;;;44;Class F;S1;;Available;;;;Drive;;400;;Internal;Horizontal
EMO004489;TMEIC;E167080HF;IDFCHK11;355;KW;420;575;50;4P;1460;6220;6220;315H;;3;;;44;Class F;S1;;Available;;;;Drive;;315;;Internal;Horizontal
EMO004453;TRUWATER;61508004;MK;11;kW;380;22.5;50;4P;1460;6309;6309;160M;;3;;;55;Class F;S1;Delta;Available;;;;210;260;160;;Internal;Horizontal
EMO004454;TRUWATER;61508009;MK;11;kW;380;22.5;50;4P;1480;6309;6309;160M;;3;;;55;Class F;S1;Delta;Available;;;;210;260;160;;Internal;Horizontal
EMO004088;Marathon;72104703J;HJN1;37;kW;380;69.7;50;2P;2962;6313;6313;225S;;3;0.87;92.7;55;Class F;S1;Delta;Not Available;;;;;;;;Internal;Horizontal
EMO002691;ABB;3291659;M2BA;55;kW;380;99;50;4P;1480;6315;6315;250S;;3;0.9;;55;Class F;S1;Delta;Available;;;;;;;;Internal;Horizontal
EMO004090;Marathon;72105201J;HJN1;75;kW;380;139;50;2P;2990;6317;6317;280S;;3;0.87;94;55;Class F;S1;Delta;Available;;;;;;;;Internal;Horizontal
EMO004126;Marathon;72106601J;HAA;200;kW;3000;54.2;50;2P;2940;6319;6319;355;;3;0.85;91.7;55;Class F;S1;Start;Available;;;;;;;;Internal;Horizontal
EMO004466;Marathon;04050201J;HJN1;15;kW;380;28.4;50;2P;2950;6309;6309;160M;;3;389;90.3;55;Class F;S1;Delta;Not Available;;;;;;;;Internal;Horizontal
EMO004124;Marathon;72104601J;HJN1;37;kW;380;67.5;50;2P;2970;6312;6312;200L;;3;0.9;92.5;55;Class F;S1;Delta;Not Available;;;;;;;;Internal;Horizontal
EMO004125;Marathon;04060101J;HJN1;75;kW;380;135;50;2P;2950;6314;6314;280S;;3;0.9;93.8;55;Class F;S1;Delta;Available;;;;;;;;Internal;Horizontal
EMO004184;Marathon;72104203J;HJN1;22;kW;380;40.7;50;2P;2955;6311;6311;180M;;3;0.9;;55;Class F;S1;Delta;;;;;;;;;Internal;Horizontal
EMO004128;Marathon;72104903;HJN1;45;kW;380;81.8;50;4P;1470;6313;6313;225L;;3;0.9;;55;Class F;S1;Delta;Not Available;;;;;;;;Internal;Horizontal
EMO004188;Marathon;72104303J;HJN1;22;kW;380;42.4;50;4P;1470;6311;6311;180L;;3;0.86;91.6;55;Class F;S1;Delta;Not Available;;;;;;180;;Internal;Horizontal
EMO004189;Marathon;72104301J;HJN1;22;kW;380;42.4;50;4P;1470;6311;6311;180L;;3;0.86;91.6;55;Class F;S1;Delta;Not Available;;;;;;180;;Internal;Horizontal
EMO004174;Marathon;72107202j;HJN1;15;kW;380;31.4;50;4P;1470;;;HJN1;;3;0.81;89.7;;;;;;;;;278;275;180;;Internal;Horizontal
EMO004169;Marathon;72107404J;HJN1;30;kW;380;57.4;50;6P;975 ;6312;6312;200L;;3;0.82;92.4;55;Class F;S1;Delta;Not Available;;;;;;200;;Internal;Horizontal
EMO004294;Marathon;71171602J;HJN1;7.5;kw;380;17A;50;4P;1480;6308;6308;160L;;3;;;55;class F;s1;Delta;Not Available;;;;;;160;;Internal;Horizontal
EMO004102;Marathon;72105901j;HJN1;132;kw;380;241;50;4P;1480;6319;6319;315M;;3;0.88;94.7;55;class F;s1;Delta;Available;;;;500;500;315;;Internal;Horizontal
EMO004103;Marathon;72106307j;HJN1;160;kw;380;288;50;4P;1470;6319;6319;315M;;3;0.89;94.9;55;class F;S1;Delta;Available;;;;500;500;315;;Internal;Horizontal
EMO004104;Marathon;72104410j;HJN1;30;kw;380;57.4;50;6P;990 ;6312;6312;200l;;3;0.86;92.3;55;class F;S1;Delta;Not Available;;;;310;310;200;;Internal;Horizontal
EMO004105;Marathon;72106501j;HAA;200;kw;3000;51;50;4P;1480;6324;6324;400;;3;0.82;91.9;55;class F;S1;Start;Available;;;;;;400;;Internal;Horizontal
EMO004141;Marathon;72105202j;HJN1;75;kw;380;139;50;6P;990 ;6317;6317;280s;;3;0.87;94;55;Class F;S1;Delta;Available;;;;;;280;;Internal;Horizontal
EMO004108;Marathon;72106505J;HAA;200;kW;380;51;50;4P;1480;6324;6324;400;;3;0.82;91.9;55;Class F;S1;Start;Available;;;;;;400;;Internal;Horizontal
EMO004109;Marathon;72105608j;HJN1;110;kW;380;201;50;4P;1470;6319;6319;315S;;3;0.88;94.5;55;Class F;S1;Delta;Available;;;;;;315;;Internal;Horizontal
EMO004107;Marathon;72104409J;HJN1;30;kW;380;57.4;50;4P;1480;6312;6312;200L;;3;0.86;92.1;55;Class F;S1;Delta;Not Available;;;;;;200;;Internal;Horizontal
EMO004106;Marathon;72104801j;HJN1;45;kw;380;84.4;50;8P;740 ;6313;6313;225m;;3;0.87;93.1;55;Class F;S1;Delta;Not Available;;;;;;225;;Internal;Horizontal
EMO004342;Marathon;AK15191801J;HJN1;55;kW;380;113;50;8P;710 ;NU319;6319;315S;;3;0.81;;55;Class F;S1;Delta;Available;;;;;;315;;Internal;Horizontal
EMO004275;Siemens;5438614;ILE10010EA;1.5;KW;380;3.15;50;2P;2880;;;90S;;3;0.84;81.3;55;class F;S1;Start;Not Available;;;;125;130;90;;Internal;Vertical
EMO005052;ABB;CSE06-043926;M2AA;1.5;KW;380;3.1;50;2P;2850;;;90L;;3;;;55;class F;S1;Start;Not Available;;;;;;90;;Internal;Horizontal
EMO004271;Siemens;;K169-LE;7.5;KW;380;25.6;50;4P;1480;;;132M;;3;0.83;88.7;55;Class F;S1;Start;Not Available;;;;;;132;;Internal;Vertical
EMO004110;Marathon;72105606j;HJN1;110;kw;380;201;50;4P;1480;6319;6319;315s;;3;0.82;91.9;55;Class F;S1;Delta;Available;;;;;;315;;Internal;Horizontal
EMO004644;Marathon;;HJN1;55;kW;380;103;50;4P;1480;6314;6314;250M;;3;0.87;93.5;55;Class F;S1;Delta;;;;;;;250;;Internal;Horizontal
EMO004111;Marathon;72105602J;HJN1;110;kW;380;201;50;2P;2965;6319;6319;315S;;3;0.88;94.5;55;Class F;S1;Delta;Available;;;;;;315;;Internal;Horizontal
EMO004112;Marathon;;HJN1;45;kW;380;81.8;50;2P;2950;6313;6313;225M;;3;0.9;92.9;55;Class F;S1;Delta;Not Available;;;;;;225;;Internal;Horizontal
EMO004113;Marathon;;HJN1;37;kW;380;67.5;50;2P;2950;9312;9312;200L;;3;0.9;92.5;55;Class F;S1;Delta;Not Available;;;;310;320;200;;Internal;Horizontal
EMO004114;Marathon;;HJN1;37;kW;380;67.5;50;2P;2950;9312;9312;200L;;3;0.9;92.5;55;Class F;S1;Delta;Not Available;;;;310;320;200;;Internal;Horizontal
EMO004177;Marathon;;HJN1;30;kW;380;59.2;50;6P;965 ;6313;6313;225M;;3;0.84;91;55;Class F;S1;Delta;Not Available;;;;;;;;Internal;Horizontal
EMO003249;TECO;9J60016;AEEBAC;11;kW;380;23.7;50;6P;980 ;6307;6309;160L;;3;;;55;Class F;S1;Delta;Not Available;;;;210;250;160;;Internal;Horizontal
EMO004172;Marathon;72107302J;HJN1;22;KW;380;45.4;50;6P;980 ;6312;6312;200L;;3;0.81;90.9;55;Class F;S1;Delta;Not Available;;;;300;320;200;;Internal;Horizontal
EMO004171;Marathon;72107301J;HJN1;22;KW;380;45.4;50;6P;988 ;6312;6312;200L;;3;0.81;90.9;55;Class F;S1;Delta;Not Available;;;;300;320;200;;Internal;Horizontal
EMO004361;TECO;FE16470M-1;AEECT;1300;kW;3000;307;50;4P;1445;6330;NU230;630A;;3;;;55;Class F;S1;Delta;Available;;;;;;;;Internal;Horizontal
EMO004345;NORD;201745930-200;SK;7.5;KW;380;15.3;50;4P;1470;;;132M;;3;0.84;;55;Class F;S1;Delta;Not Available;;;;;;132;;Internal;Vertical
EMO004355;NORD;201745930-100;SK;30;KW;380;57.6;50;6P;974 ;;;200L;;3;0.83;;55;Class F;S1;Delta;Not Available;;;;;;200;;Internal;Vertical
EMO004632;ABB;3G1C17093058966202;M2BAX;22;KW;380;46.7;50;6P;974 ;6212;6209;200ML;;3;0.79;90.9;55;Class F;S1;Delta;Not Available;;;;300;320;200;;Internal;Horizontal
EMO004633;ABB;3G1C17093058966201;M2BAX;22;kW;380;46.7;50;4P;1485;6212;6209;200ML;;3;0.79;90.9;55;Class F;S1;Delta;Not Available;;;;300;320;200;;Internal;Horizontal
EMO004630;Siemens;1LE0001-1EB4;1LE;22;kW;380;42;50;4P;1475;6210;6210;160L;;3;0.85;;55;Class E;;;;;;;280;260;180;;Internal;Horizontal
EMO004631;Siemens;1LE0001-2BB2;1LE;45;kW;380;84;50;4P;1484;6213;6213;225M;;3;0.87;;55;Class E;;;;;;;;;;;Internal;Horizontal
EMO004634;ABB;4656596;NMI;900;KW;3000;205;50;4P;1484;;;400L;;3;0.88;;55;Class F;S1;Start;Available;;;;1305;830;180;;Internal;Horizontal
EMO004635;ABB;4656597;NMI;900;KW;3000;205;50;4P;1450;;;400L;;3;0.88;;55;Class F;S1;Start;Available;;;;1305;830;400;;Internal;Horizontal
EMO004636;BEVI;1608BV260206;4A2n;4;KW ;380;8.23;50;4P;1450;;;112M;;3;0.82;86.6;55;Class  F;S1;Star;Not Available;;;;;;112;;Internal;VERTICAL
EMO004637;BEVI;1608BV260203;4A2n;4;kW;380;8.23;50;4P;1450;6306;6306;112M;;3;0.82;86.6;55;Class F;S1;Delta;Not Available;;;;;;112;;Internal;Vertical
EMO004638;ABB;3G1C17280610234002;M3BP;315;kW;380;611;50;8P;741 ;6322;6316;355L;;3;0.82;;55;Class F;S1;Delta;Available;;;;900;600;355;;Internal;Horizontal
EMO004639;ABB;361C17280610234002;M3BP;315;kW;380;611;50;8P;741 ;6322;6316;355L;;3;0.82;;55;Class F;S1;Delta;Available;;;;900;600;355;;Internal;Horizontal
EMO004449;SEW;;DRE;11;KW;380;23;50;4P;1380;;;160M;;3;;;55;Class  F;S1;Delta;Not Available;;;;;;160;;Internal;Vertical
EMO005019;SEW;;DRS71S4;0.15;;400/690;0.31;50;8P;750;6303;6203;;;3;;;;;;;;;;;;;;;;Horizontal
EMO004450;SEW;;DRE;11;KW;380;23;50;4P;1380;;;160M;;3;;;55;Class  F;S1;Delta;Not Available;;;;;;160;;Internal;Vertical
EMO004606;SEW;C01146704-172;NT0135PB6B5VT;0.37;KW;380;0.9;50;6P;945;6205;6205;;;3;;;55;Class F;;Start;Not Available;;;;;;;;Internal;Horizontal
EMO004367;Marathon;AK15190401J;HJN1;132;kW;380;264;50;8P;740 ;NU322;7322;355S;;3;0.82;;55;Class F;S1;Delta;Available;;;;;;;;Internal;Horizontal
EMO004368;Marathon;AK15190301J;HJN1;132;kW;380;264;50;8P;740 ;NU322;7322;355S;;3;0.82;;55;Class F;S1;Delta;Available;;;;625;610;355;;Internal;Horizontal
EMO004369;Marathon;AK15190601J;HJN1;132;kW;380;264;50;8P;740 ;NU322;7322;355S;;3;0.82;;55;Class F;S1;Delta;Available;;;;625;610;355;;Internal;Horizontal
EMO004370;Marathon;AK15190501J;HJN1;132;kW;380;264;50;8P;740 ;NU322;7322;355S;;3;0.82;;55;Class F;S1;Delta;Available;;;;625;610;355;;Internal;Horizontal
EMO004362;Mitsubishi;13111094001;SF PRO;5.5;kW;380;12.2;50;6P;991 ;6308;6207;132M;;3;;89.1;44;Class B;S1;Delta;Not Available;;;;625;610;355;;Internal;Horizontal
EMO004062;Marathon;;HAA;355;kW;3000;88.4;50;6P;990 ;6328;6328;450;;3;0.83;92.1;55;Class F;S1;Start;Available;;;;;;;;Internal;Horizontal
EMO004064;Marathon;;HAA;315;Kw;3000;79.6;50;4P;1480;6324;6324;400;;3;0.82;92.8;55;Class F;S1;Start;Available;;;;;;;;Internal;Horizontal
EMO004086;Marathon;72105208J;HJN1;75;kW;380;139;50;4P;1480;6317;6317;280S;;3;0.87;94;55;Class F;S1;Delta;Available;;;;370;450;280;;Internal;Horizontal
EMO004087;Marathon;72105207J;HJN1;75;kW;380;139;50;4P;1485;6317;6317;280S;;3;0.87;94;55;Class  F;S1;Delta;Available;;;;370;450;280;;Internal;Horizontal
EMO004082;Marathon;72106001j;HJN1;132;kw;380;244;50;4P;1485;6319;6319;315M;;3;0.88;93.5;55;Class F;S1;Delta;Available;;;;510;500;315;;Internal;Horizontal
EMO004084;Marathon;72106002J;HJN1;132;KW;380;244;50;4P;1485;6319;6319;315;;3;0.88;93.5;55;Class F;S1;Delta;Available;;;;510;500;315;;Internal;Horizontal
EMO003972;Marathon;AK15190101J;HJN1;160;kW;380;291;50;6P;990 ;NU322;6322;355S;;3;0.88;;55;Class F;S1;Delta;Available;;;;510;500;315;;Internal;Horizontal
EMO004487;Mitsubishi;;SF-PRF;1.5;KW;380;3.4;50;4P;1445;;;160M;;3;;;55;Class  F;S1;Delta;Not Available;;;;;;160;;Internal;Vertical
EMO003973;Marathon;AK15190201J;HJN1;160;kW;380;291;50;6P;990 ;NU322;6322;355S;;3;0.88;;55;Class F;S1;Delta;Available;;;;;;355;;Internal;Horizontal
EMO004488;Mitsubishi;;SF-PRF;1.5;KW;380;3.4;50;4P;1480;;;160M;;3;;;55;Class  F;S1;Delta;Not Available;;;;;;160;;Internal;Vertical
EMO004060;Marathon;72106311J;HJN1;160;kW;380;288;50;4P;1480;6319;6319;315L;;3;0.89;94.9;55;Class F;S1;Delta;Available;;;;510;510;315;;Internal;Horizontal
EMO004341;Marathon;72106302J;HJN1;160;kW;380;288;50;4P;1480;6319;6319;315L;;3;0.89;94.9;55;Class F;S1;Delta;Available;;;;510;510;315;;Internal;Horizontal
EMO003138;TECO;;AEEBK;132;kW;380;242;50;4P;1480;6316;6320;315S;;3;;;55;Class F;;Delta;Available;;;;510;510;315;;Internal;Horizontal
EMO003084;TECO;;AEEBK;132;kW;380;242;50;4P;1450;6316;6320;315S;;3;;;55;Class F;;Delta;Available;;;;400;510;315;;Internal;Horizontal
EMO001576;TECO;;AEEBK;75;kW;380;129;50;4P;1470;6316;6213;;;3;;;;;;Delta;Available;;;;;;;;Internal;Horizontal
EMO004363;SEW;;DRS;4;KW;380;8.4;50;4P;1470;;;112M;;3;0.84;83.9;55;Class F;S1;Start;Not Available;;;;;;112;;Internal;Vertical
EMO004364;Hitachi;D7558016;TFOA;11;kW;380;23;50;4P;1470;6309;6307;;;3;;;55;Class F;S1;;Not Available;;;;;;;;Internal;Horizontal
EMO004357;Marathon;AK15190701J;HJN1;75;kW;380;154;50;8P;740 ;NU319;6319;315S;;3;0.81;;55;Class F;S1;Delta;Available;;;;;;;;Internal;Horizontal
EMO004358;Marathon;AK15190801J;HJN1;90;kW;380;169;50;6P;985 ;NU319;6319;315S;;3;0.86;;55;Class F;S1;Delta;Available;;;;505;505;315;;Internal;Horizontal
EMO004359;Marathon;K15190901J;HJN1;110;kW;380;201;50;4P;1480;NU319;6319;315S;;3;0.88;;55;Class F;S1;Delta;Available;;;;500;500;315;;Internal;Horizontal
EMO004360;Marathon;K15191001J;HJN1;110;kW;380;201;50;4P;1480;NU319;6319;315S;;3;0.88;;55;Class F;S1;Delta;Available;;;;410;510;315;;Internal;Horizontal
EMO004371;Marathon;AK15191201J;HJN1;160;kW;380;319;50;8P;740 ;NU322;7322;355S;;3;0.82;;55;Class F;S1;Delta;Available;;;;410;510;315;;Internal;Horizontal
EMO004372;Marathon;AK15191101J;HJN1;160;kW;380;319;50;8P;740 ;NU322;7322;355S;;3;0.82;;55;Class F;S1;Delta;Available;;;;550;610;355;;Internal;Horizontal
EMO004373;Marathon;AK15191401J;HJN1;160;kW;380;319;50;8P;740 ;NU322;7322;355S;;3;0.82;;55;Class F;S1;Delta;Available;;;;550;610;355;;Internal;Horizontal
EMO004374;Marathon;AK151914301J;HJN1;160;kW;380;319;50;8P;740 ;NU322;7322;355S;;3;0.82;;55;Class F;S1;Delta;Available;;;;550;610;355;;Internal;Horizontal
EMO004375;Marathon;AK151914501J;HJN1;75;kW;380;154;50;8P;740 ;NU319;6319;315S;;3;0.81;;55;Class F;S1;Delta;Available;;;;550;610;355;;Internal;Horizontal
EMO004376;Marathon;AK151914601J;HJN1;75;kW;380;154;50;8P;740 ;NU319;6319;315S;;3;0.81;;55;Class F;S1;Delta;Available;;;;505;505;315;;Internal;Horizontal
EMO004277;SEW;;DRE;5.5;KW;380;11;50;4P;1475;;;132;;3;0.85;;55;Class F;S1;Delta;Not Available;;;;;;132;;Internal;Vertical
EMO004278;ASEA;416;??;11;KW;380;22;50;4P;1470;;;160M;;3;;;;;;;Not Available;;;;;;160;;Internal;Vertical
EMO004129;SEW;;DRE;1.5;KW;380;3.7;50;6P;970 ;;;112m;;3;0.72;80.9;55;Class F;S1;Delta;Not Available;;;;;;112;;Internal;Vertical
EMO004279;SEW;;DRE;7.5;KW;380;15.6;50;4P;1455;;;132m;;3;0.82;89;55;Class F;S1;Delta;Not Available;;;;;;132;;Internal;Vertical
EMO004280;ABB;;MBT;11;KW;380;23;50;4P;1470;;;160M;;3;0.81;;55;Class F;S1;Delta;Not Available;;;;;;160;;Internal;Vertical
EMO004130;SEW;;DRE;1.5;KW;380;3.7;50;6P;970 ;;;112M;;3;0.72;80.9;55;Class F;S1;Delta;Not Available;;;;;;112;;Internal;Vertical
EMO004484;SEW;;FAF97;2.2;kW;380;4.95;50;4P;1450;;;90L;;3;0.81;;55;Class F;S1;Start;Not Available;;;;;GEAR BOX SET;;;Internal;Horizontal
EMO004095;Marathon;;HJN1;5.5;kW;380;11.6;50;4P;1470;6308;6308;132S;;3;;87.7;55;Class F;S1;Delta;Not Available;;;;;;;;Internal;Horizontal
EMO004148;Marathon;72104102J;HJN1;18.5;kW;380;35.8;50;4P;1400;6311;6311;180M;;3;0.86;91.2;55;Class F;S1;Delta;Not Available;;;;;;180;;Internal;Horizontal
EMO004343;Sumitomo;M5083538;TC-FX;5.5;kW;380;11.4;50;4P;1485;6308;6206;132S;;3;;;44;Class F;S1;;Not Available;;;;;;;;Internal;Horizontal
EMO004344;Marathon;AK15191701J;HJN1;75;kW;380;141;50;4P;1480;NU317;6317;280S;;3;0.87;;55;Class F;S1;Delta;Available;;;;;;;;Internal;Horizontal
EMO004076;Marathon;72105605j;HJN1;110;kW;380;201;50;4P;1478;6319;6319;315s;;3;0.88;94.5;55;Class F;S1;Delta;Available;;;;;;315;;Internal;Horizontal
EMO004640;Oy fromberg AB;3132290;HXUR;90;kW;380;170;50;4P;1478;6316;6315;280s;;3;;;54;;S1;Delta;Available;;;;;;280;;Internal;Horizontal
EMO004066;Marathon;72106902J;HAA;355;kW;3000;88.4;50;6P;991 ;6328;6328;450;;3;0.83;93.1;55;Class F;S1;Start;Available;;;;;;450;;Internal;Horizontal
EMO004067;Marathon;72106903J;HAA;355;kW;3000;88.4;50;6P;990 ;6328;6328;450;;3;0.83;93.1;55;Class F;S1;Start;Available;;;;;;450;;Internal;Horizontal
EMO004081;Marathon;72106202J;HJN1;160;kW;380;291;50;6P;985 ;6322;6322;355M;;3;0.88;94.8;55;Class F;S1;Delta;Available;;;;;;355;;Internal;Horizontal
EMO004065;Marathon;72105801J;HJN1;110;kW;380;206;50;6P;985 ;6319;6319;315L;;3;0.86;94.3;55;Class F;S1;Delta;Available;;;;;;315;;Internal;Horizontal
EMO004068;Marathon;72106701J;HAA;250;kW;3000;31.2;50;4P;1480;6322;6322;355;;3;0.85;92.6;55;Class F;S1;Start;Available;;;;;;355;;Internal;Horizontal
EMO004069;Marathon;72105401J;HJN1;90;kW;380;167;50;4P;1470;6317;6317;280M;;3;0.87;94.2;55;Class F;S1;Delta;Available;;;;;;280;;Internal;Horizontal
EMO004070;Marathon;72104408J;HJN1;30;kW;380;57.4;50;4P;1470;6312;6312;200L;;3;0.86;92.3;55;Class F;S1;Delta;;;;;;;200;;Internal;Horizontal
EMO004071;Marathon;66744218J;HJN1;18.5;kW;380;35.8;50;4P;1470;6311;6311;180M;;3;0.86;91.2;55;Class F;S1;Delta;Not Available;;;;;;180;;Internal;Horizontal
EMO004072;Marathon;72105210J;HJN1;75;kW;380;139;50;4P;1480;6317;6317;280S;;3;0.87;94;55;Class F;S1;Delta;Available;;;;;;280;;Internal;Horizontal
EMO004073;Marathon;72104701J;HJN1;37;kW;380;69.7;50;4P;1480;6313;6313;225S;;3;0.87;92.7;55;Class F;S1;Delta;Available;;;;;;225;;Internal;Horizontal
EMO004074;Marathon;72105203J;HJN1;75;kW;380;139;50;4P;1480;6317;6317;280S;;3;0.87;94;55;Class F;S1;Delta;Available;;;;;;280;;Internal;Horizontal
EMO004078;Marathon;72106502j;HAA;200;kW;3000;51;50;6P;991 ;6324;6324;400;;3;0.82;91.9;55;Class F;S1;Start;Available;;;;;;400;;Internal;Horizontal
EMO004154;Marathon;wx11003993-2001j;HAA;355;kW;3000;88.4;50;6P;991 ;6328;6328;450;;3;0.83;93.1;55;Class F;S1;Start;Available;;;;;;450;;Internal;Horizontal
EMO004075;Marathon;72105104j;HJN1;55;kW;380;99.6;50;2P;2980;6314;6314;250;;3;0.9;93.2;55;Class F;S1;Delta;Not Available;;;;;;250;;Internal;Horizontal
EMO004079;Marathon;72106604j;HAA;200;kW;3000;54.2;50;2P;2980;6319;6319;355;;3;0.85;91.7;55;Class F;S1;Start;Available;;;;;;355;;Internal;Horizontal
EMO004080;Marathon;72106603J;HAA;200;KW;3000;54.2;50;2P;2980;6319;6319;355;;3;0.85;91.7;55;Class F;S1;Delta;Available;;;;;;355;;Internal;Horizontal
EMO003976;ADDA;8117865;TC-804;0.55;kW ;380;1.6;50;4P;1400;;;;;3;;;55;Class F;;Start;Not Available;;;;;;;;Internal;Vertical
EMO003974;KOLMEKS;;ALS 1053-2;1.5;;380;3.3;50;4P;1400;;;HJN1;;3;;;;;;;;;;;260;250;160;;;
EMO003975;ABB;;MT80B19F165-4;0.75;;380;2.1;50;4P;1400;;;;;3;;;;;;;;;;;;;;;;
EMO004519;??;;??;??;;??;??;50;??;??;;;;;3;;;;;;;;;;;Drive;;;;;
EMO004557;??;;??;??;;??;??;50;??;??;;;;;3;;;;;;;;;;;Drive;;;;;
EMO004558;??;;??;??;;??;??;50;??;??;;;;;3;;;;;;;;;;;Drive;;;;;
EMO004906;TOSHIBA;160027260;TIKK-FCK2;22;kW;420;39.5/39;60/72;4P;1750-2100;6310;6310;180M;;3;;;44;Class F;S1;;;;;;Drive;;;;Internal;
EMO004410;TECO;2163713406;AEEBKB;1.5;kW;380;3.52;50;4P;1475;6205;6205;90L;;3;;;55;Class F;S1;Start;Not Available;;;;;;90;;Internal;
EMO004381;Stromberg;;HXUR;22;kW;380;43;50;4P;1445;6310;6309;180L;;3;0.86;;54;Class B;S1;Delta;Available;;;;;;180;;Internal;Horizontal
EMO005123;ABB;;M3BP;3;kW;380;6.3;50;4P;1445;6206;6205;100L;;3;0.82;;55;Class F;;Start;Not Available;;;;;;100;;Internal;Horizontal
EMO005124;ABB;;M3BP;3;kW;380;6.3;50;4P;1415;6206;6205;100L;;3;0.82;;55;Class F;;Start;Not Available;;;;;;100;;Internal;Horizontal
MGM000941;WRS;10203300013;W100L;2.2;kW;380;5.16;50;4P;1415;6206;6206;100L;;3;0.81;;55;Class F;S1;Start;Not Available;;;;;;;;Internal;Vertical
MGM000419;SEW;;R77DV;11;kW;380;23.5;50;4P;1440;;;160M;;3;0.83;;54;Class B;;;;;;;;GEAR BOX;;;;
MGM000954;Siemens;;THCL;22;kW;380;42;50;4P;1480;;;155;;3;0.87;;55;Class F;;;;;;;;GEAR BOX;;;;
EMO005003;Marathon;;LVF;55;kW;380;104;50;4P;1480;6314;6314;250M;;3;0.87;92.1;55;Class F;S1;Start;;;;;;;;;Internal;Horizontal
EMO005004;Marathon;;LVF;55;kW;380;104;50;4P;1420;6314;6314;250M;;3;0.87;92.1;55;Class F;S1;Start;;;;;;;;;Internal;Horizontal
EMO005120;SEW;215027;DRE;1.1;KW;380;2.55;50;4P;1420;;;90M;;3;;;55;Class F;S1;Start;Not Available;;;;;;90;;Internal;Vertical
EMO005119;SEW;215027;DRE;1.1;kW ;380;2.55;50;4P;1420;;;90M;;3;;;55;Class F;S1 ;Start;Not Available;;;;;;90;;Internal;Vertical
EMO005118;SEW;215027;DRE;1.1;kW ;380;2.55;50;4P;1420;;;90M;;3;;;55;Class F;S1 ;Start;Not Available;;;;;;90;;Internal;Vertical
EMO005117;SEW;215027;DRE;1.1;kW ;380;2.55;50;4P;1420;;;90M;;3;;;55;Class F;S1 ;Start;Not Available;;;;;;90;;Internal;Vertical
EMO005121;SEW;215027;DRE;1.1;kW ;380;2.55;50;6P;945 ;;;90M;;3;;;55;Class F;S1 ;Start;Not Available;;;;;;90;;Internal;Vertical
EMO004618;CUMEL;C01221/05-1/2;NT0135PB6B5VT;0.37;kW ;380;0.95;50;6P;945;6205;6205;135PB;;3;;;55;Class F;;Start;Not Available;;;;;;135;;Internal;Vertical
EMO004608;CUMEL;C01221/05-1/4;NT0135PB6B5VT;0.37;kW ;380;0.95;50;6P;945;6205;6205;135PB;;3;;;55;Class F;;Start;Not Available;;;;;;135;;Internal;Vertical
EMO004607;CUMEL;C01221/05-1/1;NT0135PB6B5VT;0.37;kW ;380;0.95;50;6P;945;6205;6205;135PB;;3;;;55;Class F;;Start;Not Available;;;;;;135;;Internal;Vertical
EMO004609;CUMEL;483626/2001/173;NT0135PB6B5VT;0.37;kW ;380;0.95;50;6P;945;6205;6205;135PB;;3;;;55;Class F;;Start;Not Available;;;;;;135;;Internal;Vertical
EMO005113;SEW;;DRE;3;kW ;380;6.2;50;4P;1455;;;100L;;3;;;55;Class F;;Start;Not Available;;;;;;;;Internal;Vertical
EMO005114;SEW;;DRE;3;kW ;380;6.2;50;4P;1420;;;100L;;3;;;55;Class F;;Start;Not Available;;;;;;;;Internal;Vertical
MGM000900;SEW;; SK372.1-80L/4 BRE1;0.75;kW ;380;1.96;50;4P;1420;;;90M;;3;;;55;Class F;;Start;Not Available;;;;;;90;;Internal;Vertical
MGM000820;ABB;71M4B;M2QA;0.37;kW ;380;1.05;50;4P;1395;;;;;3;;;55;Class F;;Start;Not Available;;;;;;;;Internal;Vertical
MGM000821;YUELI KOBAYASIH;17030112;TCH750200S;0.75;kW ;380;1.96;50;4P;1420;;;;;3;;;55;Class H ;;Start;Not Available;;;;;;;;Internal;Vertical
MGM000822;YUELI KOBAYASIH;151107035;TCH750200S;0.75;kW ;380;1.96;50;4P;1420;;;;;3;;;55;Class H ;;Start;Not Available;;;;;;;;Internal;Vertical
MGM000823;YUELI KOBAYASIH;151107037;TCH750200S;0.75;kW ;380;1.96;50;4P;1420;;;;;3;;;55;Class H ;;Start;Not Available;;;;;;;;Internal;Vertical
MGM000824;YUELI KOBAYASIH;151107042;TCH750200S;0.75;kW ;380;1.96;50;4P;1420;;;;;3;;;55;Class H ;;Start;Not Available;;;;;;;;Internal;Vertical
MGM000825;YUELI KOBAYASIH;;TCH750200S;0.75;kW ;380;1.96;50;4P;1420;;;;;3;;;55;Class H ;;Start;Not Available;;;;;;;;Internal;Vertical
MGM000826;YUELI KOBAYASIH;151107036;TCH750200S;0.75;kW ;380;1.96;50;4P;1420;;;;;3;;;55;Class H ;;Start;Not Available;;;;;;;;Internal;Vertical
MGM000827;YUELI KOBAYASIH;;TCH750200S;0.75;kW ;380;1.96;50;4P;1420;;;;;3;;;55;Class H ;;Start;Not Available;;;;;;;;Internal;Vertical
MGM000828;YUELI KOBAYASIH;;TCH750200S;0.75;kW ;380;1.96;50;4P;1420;;;;;3;;;55;Class H ;;Start;Not Available;;;;;;;;Internal;Vertical
MGM000829;YUELI KOBAYASIH;;TCH750200S;0.75;kW ;380;1.96;50;4P;1420;;;;;3;;;55;Class H ;;Start;Not Available;;;;;;;;Internal;Vertical
MGM000830;YUELI KOBAYASIH;151107004;TCH750200S;0.75;kW ;380;1.96;50;4P;1420;;;;;3;;;55;Class H ;;Start;Not Available;;;;;;;;Internal;Vertical
MGM000831;YUELI KOBAYASIH;151107002;TCH750200S;0.75;kW ;380;1.96;50;4P;1420;;;;;3;;;55;Class H ;;Start;Not Available;;;;;;;;Internal;Vertical
MGM000832;YUELI KOBAYASIH;151107023;TCH750200S;0.75;kW ;380;1.96;50;4P;1420;;;;;3;;;55;Class H ;;Start;Not Available;;;;;;;;Internal;Vertical
MGM000833;YUELI KOBAYASIH;151107003;TCH750200S;0.75;kW ;380;1.96;50;4P;1420;;;;;3;;;55;Class H ;;Start;Not Available;;;;;;;;Internal;Vertical
MGM000834;YUELI KOBAYASIH;151107021;TCH750200S;0.75;kW ;380;1.96;50;4P;1420;;;;;3;;;55;Class H ;;Start;Not Available;;;;;;;;Internal;Vertical
MGM000835;YUELI KOBAYASIH;151107032;TCH750200S;0.75;kW ;380;1.96;50;4P;1420;;;;;3;;;55;Class H ;;Start;Not Available;;;;;;;;Internal;Vertical
MGM000836;YUELI KOBAYASIH;151107022;TCH750200S;0.75;kW ;380;1.96;50;4P;1420;;;;;3;;;55;Class H ;;Start;Not Available;;;;;;;;Internal;Vertical
MGM000837;YUELI KOBAYASIH;151107020;TCH750200S;0.75;kW ;380;1.96;50;4P;1420;;;;;3;;;55;Class H ;;Start;Not Available;;;;;;;;Internal;Vertical
MGM000838;YUELI KOBAYASIH;151107012;TCH750200S;0.75;kW ;380;1.96;50;4P;1420;;;;;3;;;55;Class H ;;Start;Not Available;;;;;;;;Internal;Vertical
MGM000839;YUELI KOBAYASIH;151107025;TCH750200S;0.75;kW ;380;1.96;50;4P;1420;;;;;3;;;55;Class H ;;Start;Not Available;;;;;;;;Internal;Vertical
MGM000840;YUELI KOBAYASIH;151107013;TCH750200S;0.75;kW ;380;1.96;50;4P;1420;;;;;3;;;55;Class H ;;Start;Not Available;;;;;;;;Internal;Vertical
MGM000841;YUELI KOBAYASIH;151107034;TCH750200S;0.75;kW ;380;1.96;50;4P;1420;;;;;3;;;55;Class H ;;Start;Not Available;;;;;;;;Internal;Vertical
MGM000842;YUELI KOBAYASIH;151107030;TCH750200S;0.75;kW ;380;1.96;50;4P;1420;;;;;3;;;55;Class H ;;Start;Not Available;;;;;;;;Internal;Vertical
MGM000843;YUELI KOBAYASIH;151107038;TCH750200S;0.75;kW ;380;1.96;50;4P;1420;;;;;3;;;55;Class H ;;Start;Not Available;;;;;;;;Internal;Vertical
MGM000844;YUELI KOBAYASIH;151107011;TCH750200S;0.75;kW ;380;1.96;50;4P;1420;;;;;3;;;55;Class H ;;Start;Not Available;;;;;;;;Internal;Vertical
MGM000845;YUELI KOBAYASIH;151107014;TCH750200S;0.75;kW ;380;1.96;50;4P;1420;;;;;3;;;55;Class H ;;Start;Not Available;;;;;;;;Internal;Vertical
MGM000846;YUELI KOBAYASIH;151107016;TCH750200S;0.75;kW ;380;1.96;50;4P;1420;;;;;3;;;55;Class H ;;Start;Not Available;;;;;;;;Internal;Vertical
MGM000847;YUELI KOBAYASIH;151107007;TCH750200S;0.75;kW ;380;1.96;50;4P;1420;;;;;3;;;55;Class H ;;Start;Not Available;;;;;;;;Internal;Vertical
MGM000848;YUELI KOBAYASIH;151107019;TCH750200S;0.75;kW ;380;1.96;50;4P;1420;;;;;3;;;55;Class H ;;Start;Not Available;;;;;;;;Internal;Vertical
MGM000849;YUELI KOBAYASIH;151107009;TCH750200S;0.75;kW ;380;1.96;50;4P;1420;;;;;3;;;55;Class H ;;Start;Not Available;;;;;;;;Internal;Vertical
MGM000922;ABB;500057406001040;M2QA;0.37;kW ;380;1.05;50;4P;1420;;;;;3;;;55;Class F;;Start;Not Available;;;;;;;;Internal;Vertical
MGM000851;YUELI KOBAYASIH;151107006;TCH750200S;0.75;kW ;380;1.96;50;4P;1420;;;;;3;;;55;Class H ;;Start;Not Available;;;;;;;;Internal;Vertical
MGM000852;YUELI KOBAYASIH;151107039;TCH750200S;0.75;kW ;380;1.96;50;4P;1420;;;;;3;;;55;Class H ;;Start;Not Available;;;;;;;;Internal;Vertical
MGM000853;YUELI KOBAYASIH;151107031;TCH750200S;0.75;kW ;380;1.96;50;4P;1420;;;;;3;;;55;Class H ;;Start;Not Available;;;;;;;;Internal;Vertical
MGM000854;YUELI KOBAYASIH;151107017;TCH750200S;0.75;kW ;380;1.96;50;4P;1420;;;;;3;;;55;Class H ;;Start;Not Available;;;;;;;;Internal;Vertical
MGM000855;YUELI KOBAYASIH;151107015;TCH750200S;0.75;kW ;380;1.96;50;4P;1420;;;;;3;;;55;Class H ;;Start;Not Available;;;;;;;;Internal;Vertical
MGM000856;YUELI KOBAYASIH;151107001;TCH750200S;0.75;kW ;380;1.96;50;4P;1420;;;;;3;;;55;Class H ;;Start;Not Available;;;;;;;;Internal;Vertical
MGM000857;YUELI KOBAYASIH;151107008;TCH750200S;0.75;kW ;380;1.96;50;4P;1420;;;;;3;;;55;Class H ;;Start;Not Available;;;;;;;;Internal;Vertical
MGM000858;YUELI KOBAYASIH;151107040;TCH750200S;0.75;kW ;380;1.96;50;4P;1420;;;;;3;;;55;Class H ;;Start;Not Available;;;;;;;;Internal;Vertical
MGM000859;YUELI KOBAYASIH;17030117;TCH750200S;0.75;kW ;380;1.96;50;4P;1420;;;;;3;;;55;Class H ;;Start;Not Available;;;;;;;;Internal;Vertical
MGM000860;YUELI KOBAYASIH;151107004;TCH750200S;0.75;kW ;380;1.96;50;4P;1420;;;;;3;;;55;Class H ;;Start;Not Available;;;;;;;;Internal;Vertical
MGM000861;YUELI KOBAYASIH;151107027;TCH750200S;0.75;kW ;380;1.96;50;4P;1420;;;;;3;;;55;Class H ;;Start;Not Available;;;;;;;;Internal;Vertical
MGM000862;YUELI KOBAYASIH;151107044;TCH750200S;0.75;kW ;380;1.96;50;4P;1420;;;;;3;;;55;Class H ;;Start;Not Available;;;;;;;;Internal;Vertical
MGM000863;YUELI KOBAYASIH;151107043;TCH750200S;0.75;kW ;380;1.96;50;4P;1420;;;;;3;;;55;Class H ;;Start;Not Available;;;;;;;;Internal;Vertical
MGM000864;YUELI KOBAYASIH;151107024;TCH750200S;0.75;kW ;380;1.96;50;4P;1420;;;;;3;;;55;Class H ;;Start;Not Available;;;;;;;;Internal;Vertical
MGM000865;YUELI KOBAYASIH;151107018;TCH750200S;0.75;kW ;380;1.96;50;4P;1420;;;;;3;;;55;Class H ;;Start;Not Available;;;;;;;;Internal;Vertical
MGM000850;ABB;3GC19527050181200105;M2QA;0.35;kW ;380;1.05;50;4P;1395;;;;;3;;;55;Class H ;;Start;Not Available;;;;;;;;Internal;Vertical
EMO004581;DEMAG;50617686;ZBF112A8/2;0.46/ 1.90;kW;380;2.50/ 4.30;50;8P/2P ;705/2855;;;112B;;3;0.45/0.85;;54;Class F;;Start;Not Available;;;;;;112;;Internal;Vertical
EMO004582;DEMAG;50617688;ZBF112A8/2;0.46/ 1.90;kW;380;2.50/ 4.30;50;8P/2P ;705/2855;;;112B;;3;0.45/0.85;;54;Class F;;Start;Not Available;;;;;;112;;Internal;Vertical
EMO004583;DEMAG;50617689;ZBF112A8/2;0.46/ 1.90;kW;380;2.50/ 4.30;50;8P/2P ;705/2855;;;112B;;3;0.45/0.85;;54;Class F;;Start;Not Available;;;;;;112;;Internal;Vertical
EMO004584;DEMAG;50617690;ZBF112A8/2;0.46/ 1.90;kW;380;2.50/ 4.30;50;8P/2P ;705/2855;;;112B;;3;0.45/0.85;;54;Class F;;Start;Not Available;;;;;;112;;Internal;Vertical
EMO004585;DEMAG;50617687;ZBF112A8/2;0.46/ 1.90;kW;380;2.50/ 4.30;50;8P/2P ;700/2860;;;112B;;3;0.45/0.85;;54;Class F;;Start;Not Available;;;;;;112;;Internal;Vertical
EMO004586;DEMAG;50617679;ZBF132B8/2;0.88/ 3.50;kW;380;4.10/ 7.70;50;8P/2P ;700/2860;;;132B;;3;0.50/0.86;;54;Class F;;Start;Not Available;;;;;;132;;Internal;Vertical
EMO004580;DEMAG;50617673;ZBF132B8/2;0.88/ 3.50;kW;380;4.10/ 7.70;50;8P/2P ;700/2860;;;132B;;3;0.50/0.86;;54;Class F;;Start;Not Available;;;;;;132;;Internal;Vertical
EMO004579;DEMAG;34619997;ZBR132D12/2;1.40/8.90;KW;380;9.60/18.50;50;8P/2P ;705/2855;;;132D;;3;0.54/0.89;;55;Class F;;Start/Delta;Not Available;;;;;;132;;Internal;Vertical
EMO004576;DEMAG;50617682;ZBF112A8/2;0.46/ 1.90;kW;380;2.50/ 4.30;50;8P/2P ;705/2855;;;112B;;3;0.45/0.85;;54;Class F;;Start;Not Available;;;;;;112;;Internal;Vertical
EMO004578;DEMAG;50617683;ZBF112A8/2;0.46/ 1.90;kW;380;2.50/ 4.30;50;8P/2P ;705/2855;;;112B;;3;0.45/0.85;;54;Class F;;Start;Not Available;;;;;;112;;Internal;Vertical
EMO004577;DEMAG;50617684;ZBF112A8/2;0.46/ 1.90;kW;380;2.50/ 4.30;50;8P/2P ;700/2860;;;112B;;3;0.45/0.85;;54;Class F;;Start;Not Available;;;;;;112;;Internal;Vertical
EMO004591;DEMAG;50617677;ZBF132B8/2;0.88/ 3.50;kW;380;4.10/7.70;50;2 / 12P;470/2915 /;;;132B;;3;0.50/0.86;;54;Class F;;Start;Not Available;;;;;;132;;Internal;Vertical
EMO004590;DEMAG;34620246;2BR200B12/2;3.4/21.7;KW;380;22/43;50;8P/2P ;705/2855;;;200B;;3;0.36/0.90;;54;Class F;;Start;Not Available;;;;;;200;;Internal;Vertical
EMO004587;DEMAG;50617691;ZBF112A8/2;0.46/ 1.90;kW;380;2.50/ 4.30;50;8P/2P ;705/2855;;;112B;;3;0.45/0.85;;54;Class F;;Start;Not Available;;;;;;112;;Internal;Vertical
EMO004588;DEMAG;50617692;ZBF112A8/2;0.46/ 1.90;kW;380;2.50/ 4.30;50;4P;1410;;;112B;;3;0.45/0.85;;54;Class F;;Start;Not Available;;;;;;112;;Internal;Vertical
EMO005125;Marathon;71570105;HJN1;0.75;;380;2.02;;;;;;;;3;;;;;;;;;;;;;;;;
MGM001045;NORD;34211600;SK;1.1;kW;380;2.8;50;4P;1395;;;90S;;3;0.74;77.6%;55;Class F;;Start;Not Available;;;;;;;;Internal;Vertical
MGM001044;NORD;35213200;SK;2.2;kW;380;5.2;50;4P;1440;;;110L;;3;0.74;80.4%;55;Class F;;Start;Not Available;;;;;;;;Internal;Vertical
MGM000908;NORD;35213200;SK;2.2;kW;380;5.2;50;4P;1440;;;100L;;3;0.74;80.4%;55;Class F;;Start;Not Available;;;;;;;;Internal;Vertical
EMO005126;SEW;58216885;DRE;11;kW;380;23;50;2P;2830;;;160MC;;3;0.81;90.2%;55;Class F;S1;Delta;;;;;;;;;Internal;Vertical
MGM001042;NORD;36212701;SK;4;kW;380/400;8.6;50;4P;1445;;;112M;;3;0.80;85.1%;55;Class F;;Delta;Not Available;;;;;;;;Internal;Vertical
MGM001043;NORD;36212701;SK;4;kW;380/400;8.6;50;4P;1445;;;112M;;3;0.80;85.1%;55;Class F;;Delta;Not Available;;;;;;;;Internal;Vertical
MGM001047;NORD;36213101;SK;4;kW;380;8.6;50;4P;1445;;;112M;;3;0.80;85.1%;55;Class F;;Delta;Not Available;;;;;;;;Internal;Vertical
MGM001046;NORD;201741393-200;SK;1.1;kW;380;2.8;50;4P;1395;;;90S;;3;0.74;77.6%;55;Class F;S1;Start;Not Available;;;;;;;;Internal;Vertical
MGM000897;NORD;;SK;2.2;kW;400;4.5;50;4P;1400;;;100L;;3;;;55;Class F;S1;Start;Not Available;;;;;;;;Internal;Vertical
MGM000898;NORD;201741393-200;SK;1.1;kW;380/400;2.8;50;4P;1395;;;90S;;3;0.74;77.6%;55;Class F;S1;Start;Not Available;;;;;;;;Internal;Vertical
MGM000899;NORD;201741393-200;SK;1.1;kW;380/400;2.8;50;4P;1395;;;90S;;3;0.74;77.6%;55;Class F;S1;Start;Not Available;;;;;;;;Internal;Vertical
MGM000901;NORD;;SK;1.1;kW;380/400;2.8;50;4P;1395;;;90S;;3;0.74;77.6%;55;Class F;S1;Start;Not Available;;;;;;;;Internal;Vertical
MGM000902;NORD;201741393-1000;SK;1.5;kW;380;3.6;50;4P;1395;;;90L;;3;0.78;77.5;55;Class F;S1;Delta;Not Available;;;;;;;;Internal;Horizontal
MGM000905;NORD;201741393-400;SK;1.5;kW;380;3.6;50;4P;1395;;;90L;;3;0.78;77.5;55;Class F;S1;Delta;Not Available;;;;;;;;Internal;Horizontal
MGM000906;NORD;201741393-700;SK;1.1;kW;380;2.9;50;4P;1396;;;90S;;3;0.74;77.6;55;Class F;S1;Delta;Not Available;;;;;;;;Internal;Horizontal
MGM001030;NORD;34212100;SK;1.1;kW;380;2.8;50;4P;1395;;;90S;;3;0.74;77.6%;55;Class F;;Start;Not Available;;;;;;;;Internal;Vertical
MGM001040;NORD;36212771;SK;4;kW;380;8.6;50;4P;1445;;;112M;;3;0.80;85.1%;55;Class F;;Delta;Not Available;;;;;;;;Internal;Vertical
MGM001041;NORD;36212701;SK;4;kW;380/400;8.6;50;4P;1445;;;112M;;3;0.80;85.1%;55;Class F;;Delta;Not Available;;;;;;;;Internal;Vertical
MGM001033;NORD;36212701;SK;4;kW;380;8.6;50;4P;1445;;;112M;;3;0.80;85.1%;55;Class F;;Delta;Not Available;;;;;;;;Internal;Vertical
MGM001034;NORD;36212701;SK;4;kW;380;8.6;50;4P;1445;;;112M;;3;0.80;85.1%;55;Class F;;Delta;Not Available;;;;;;;;Internal;Vertical
MGM001035;NORD;36212701;SK;4;kW;380;8.6;50;4P;1445;;;112M;;3;0.80;85.1%;55;Class F;;Delta;Not Available;;;;;;;;Internal;Vertical
MGM001036;NORD;36212701;SK;4;kW;380;8.6;50;4P;1445;;;112M;;3;0.80;85.1%;55;Class F;;Delta;Not Available;;;;;;;;Internal;Vertical
MGM001037;NORD;36212701;SK;4;kW;380;8.6;50;4P;1445;;;112M;;3;0.80;85.1%;55;Class F;;Delta;Not Available;;;;;;;;Internal;Vertical
MGM001038;NORD;36212771;SK;4;kW;380;8.6;50;4P;1445;;;112M;;3;0.80;85.1%;55;Class F;;Delta;Not Available;;;;;;;;Internal;Vertical
MGM001039;NORD;36212701;SK;4;kW;380;8.6;50;4P;1445;;;112M;;3;0.80;85.1%;55;Class F;;Delta;Not Available;;;;;;;;Internal;Vertical
EMO001602;TECO;;AECKS2001;1000;kW;3000;253;50;2P;495 ;SLEEVE;;;;3;;;55;Class F;;;Not Available;;;;;;;;Internal;Horizontal
EMO004589;DEMAG;;ZBF112A8/2;0.46/ 1.90;kW;380;2.50/ 4.30;50;8P/2P ;705/2855;;;;;3;;;;;;;;;;;;;;;;
MFB000388;HOYER;SH30773820115;HMC3-200L2-2;37;kW;400;37;50;2P;2970;6312;6312;200L;;3;0.91;93.7;55;F;;Delta;Available;;;;;;;;Internal;Vertical
MFB000389;HOYER;SH30766830120;HMC3-200L2-2;37;kW;400;37;50;2P;2970;6312;6312;200L;;3;0.91;93.7;55;F;;Delta;Available;;;;;;;;Internal;Vertical
EMO005547;HOYER;SH30785720264;HMC3-225S-4;37;kW;400;37;50;4P;1480;6313;6312;225S;;3;0.86;93.9;55;F;;Delta;Available;;;;;;;;External;Horizontal
EMO005548;WISTRO;174892;D49 IL-4-2;0.15;kW;380;0.31;50;;;;;;;3;;;66;F;;Star;Not Available;;;;;;;;;Horizontal
