emo;manufacture;serial_number;type;power_rate;power_unit;voltage;current_nominal;frequency;pole;rpm;bearing_de;bearing_nde;frame_type;shaft_diameter;phase_supply;cos_phi;efficiency;ip_rating;insulation_class;duty;connection_type;nipple_grease;greasing_type;greasing_qty_de;greasing_qty_nde;length;width;height;weight;cooling_fan;mounting
EMO003495;HUADA;;Y2;90;kW;380;167;50;4;1481;6317;6317;280 M;;3;;;55;F;S1;Delta;Available;;;;;;280;;;Horizontal
EMO003124;ABB;648472813;M2BA;75;kW;380;139;50;4;1475;;;250 M;;3;;;55;F;S1;Delta;Available;;;;;;250;;;Horizontal
EMO000226;TECO;3333499;AEEB;75;kW;380;140;50;4;1481;6316;6316;280 S;75;3;;;55;F;S1;Delta;Available;;;;;;280;;;Horizontal
EMO000426;TECO;P9543291;AEEBPA040100YW05T;75;kW;380;140;50;4;1475;NU216;6213;250 M;;3;;;55;F;S1;Delta;Available;;;;;;250;;;Horizontal
EMO000922;TECO;H7104507018;AEEB;37;kW;380;28.5;50;4;1470;6313;6213;225 S;;3;;;55;F;S1;Delta;Available;;;;;;225;;;Horizontal
EMO000908;TECO;;QU;5.5;kW;380;11.6;50;4;1430;;;132S;;3;0.84;;55;F;;Start;Not Available;;;;;;;;Internal;Horizontal
EMO000907;TECO;11611015;AEEB;22;kW;380;45.9;50;6;975;6312;6212;200 L;;3;;;54;F;S1;Delta;Available;;;;;;200;;;Horizontal
EMO000906;ABB;3284806;M2BA;75;kW;380;139;50;4;1475;6315;6315;250 S;65;3;0.88;;55;F;S1;Delta;Available;;;;;;250;;;Horizontal
EMO000905;ABB;C58957122;M2BA;11;kW;380;22;50;4;1448;6209;6209;160 M;;3;0.85;;55;F;S1;Delta;Not Available;;;;;;160;;;Horizontal
EMO000903;ABB;;M2BA;37;kW;380;71;50;4;1430;6312;6312;200M;;3;0.85;;55;F;;;Not Available;;;;;;200;;Internal;Horizontal
EMO000024;TOSHIBA;;;37;kW;380;71;50;4;1455;;;200 L;;3;;;55;F;S1;Delta;Not Available;;;;;;200;;;Horizontal
EMO002712;ABB;;M2BA;55;kW;380;103;50;4;1475;6315;6315;250 S;;3;0.86;;55;F;S1;Delta;Not Available;;;;;;250;;;Horizontal
EMO002799;ABB;3409739;M2BA;75;kW;380;140;50;4;1481;6316;6316;280S;75;3;0.82;;55;F;;Delta;Available;;;;;;280;;Internal;Vertical
EMO000998;SEW;B296690;KA86;1.5;kW;380;3.75;50;4;1410;;;90L;;3;;;;;S1;Delta;Not Available;;;;;;90;;Internal;Vertical
EMO000999;SEW;500978925;KA86;1.5;kW;380;3.75;50;4;1410;;;90L;;3;;;;;S1;Delta;Not Available;;;;;;90;;Internal;Vertical
EMO000620;ABB;GS6050414-D01;QU;15;kW;380;30.5;50;4;1475;;;160 L;;3;0.86;;55;F;S1;Delta;Not Available;;;;;;160;;;Horizontal
EMO000995;TECO;P9508122;AEEB;11;kW;380;21.5;50;4;1455;;;160M;;3;;;55;F;;Delta;Not Available;;;;;;160;;Internal;Horizontal
EMO000061;ABB;;MBT;11;kW;380;23;50;4;1455;;;132S;;3;;;55;F;;Delta;Not Available;;;;;;132;;Internal;Horizontal
EMO000992;TECO;P9545981;AEEB;20;HP;380;29;50;4;1450;6309;6307;160L;;3;;;55;F;;Delta;Not Available;;;;;;160;;Internal;Horizontal
EMO000993;Tunglee;;;0.37;kW;380;1.2;50;4;1380;;;;;3;;;55;F;;;Not Available;;;;;;;;Internal;Vertical
EMO000991;TECO;1250360015;A0V;0.37;kW;380;1.3;50;4;1390;6202;6202;71;;3;;;54;E;S1;Start;Not Available;;;;;;71;;;Vertical
EMO003928;ABB;76322971002;M3BP;37;kW;380;72;50;4;1475;6313;6313;225S;;3;0.84;;55;F;;Delta;Available;;;;;;225;;Internal;Horizontal
EMO003472;TECO;AC56066-2;AEEBKB;110;kW;380;205;50;4;1480;6316;6318;280mb;;3;;;55;F;;DELTA;Available;;;;;;;;internal;horizontal
EMO003473;Tunglee;18m17102-10;;0.4;kW;380;1.15;50;4;1493;;;;;3;;;;;;start;;;;;;;;;Internal;Horizontal
EMO003835;TECO;1KH4H287;AEVBAC;15;kW;380;30.7;50;4;1455;6309;6307;160L;;3;;;54;F;S1;Delta;Available;;;;;;160;;Internal;Vertical
EMO000953;TECO;7061713002;AEEB;45;kW;380;93;50;4;1465;6313;6213;225 M;;3;;;55;F;S1;Delta;Available;;;;;;225;;;Horizontal
EMO000952;TECO;AC56066-2;AEEB;110;kW;380;205;50;4;1480;6318;6316;280 M;;3;;;55;F;S1;Delta;Available;;;;;;280;;;Horizontal
EMO001641;TECO;;AEEB;37;kW;380;68.5;50;4;1480;6313;6212;225 S;;3;;;55;F;S1;Delta;Available;;;;;;225;;;Horizontal
EMO000929;TECO;MN50093-1;AEEB;150;HP;380;202;50;2;2955;6314;6314;280 M;;3;;;55;F;S1;Delta;Available;;;;;;280;;;Horizontal
EMO005229;TECO;;AEEB;150;HP;380;202;50;2;2955;6314;6314;280 M;;3;;;55;F;S1;Delta;Available;;;;;;280;;;Horizontal
EMO000901;ABB;8956771D02;M2BA;11;kW;380;24;50;6;965;6209;6209;160 L;;3;0.79;;55;F;S1;Delta;Not Available;;;;;;160;;;Horizontal
EMO000900;TECO;C56102-6;AEEB;55;kW;380;108;50;6;970;NU318;6316;280 S;;3;;;55;F;S1;Delta;Available;;;;;;280;;;Horizontal
EMO000899;ABB;32908763262WM;M2BA;45;kW;380;86;50;4;1477;6313;6313;225 S;60;3;0.85;;55;F;S1;Delta;Available;;;;;;225;;;Horizontal
EMO000898;TECO;C56102-5;AEEB;55;kW;380;108;50;6;970;NU318;6316;280 S;;3;;;55;F;S1;Delta;Available;;;;;;280;;;Horizontal
EMO000897;TECO;75B232007;AEEB;30;kW;380;57;50;4;1460;6312;6212;200L;;3;;;55;F;S1;Delta;Available;;;;;;200;;Internal;Horizontal
EMO000127;TECO;;AEEB;55;kW;380;108;50;6;970;NU318;6316;280S;;3;;;55;F;S1;Delta;Available;;;;;;280;;Internal;Horizontal
EMO000893;ABB;3290877-3262;M2BA;45;kW;380;86;50;4;1477;6313;6313;225S;60;3;0.85;;55;F;S1;Delta;Available;;;;286/311;356;225;;Internal;Horizontal
EMO000892;ABB;3328062;M2BA;90;kW;380;165;50;4;1481;6316;6316;280S;75;3;0.88;;55;F;S1;Delta;Available;;;;;;280;;Internal;Horizontal
EMO000891;TECO;D59337-1;AEJE;335;kW;3000;56.6;50;4;1481;NU220;6318;355AB;;3;;;55;F;S1;;Available;;;;;;355;;Internal;Horizontal
EMO000093;ASEAN;7557281;MBT;18.5;kW;380;38;50;4;1470;;;180 M;;3;;;55;F;S1;Delta;Not Available;;;;;;180;;;Horizontal
EMO000888;ABB;3290875;M2BA;45;kW;380;86;50;4;1477;6313;6313;225S;60;3;0.85;;55;F;S1;Delta;Available;;;;286/311;356;225;;Internal;Horizontal
EMO003668;TECO;P95221702;AEEB;22;kW;380;46.4;50;6;970;6312;6212;200 L;;3;;;55;F;S1;Delta;Available;;;;;;200;;;Horizontal
EMO002007;ABB;3292600;M2BA;45;kW;380;86;50;4;1477;6313;6313;225S;60;3;0.85;;55;F;S1;Delta;Available;;;;286/311;356;225;;Internal;Horizontal
EMO000457;ABB;MK71008-AD;MBT;30;kW;380;61;50;4;1475;6213;6211;200L;;3;;;55;F;S1;Delta;Available;;;;305;318;200;;Internal;Horizontal
EMO000884;ABB;31711966-2272;HXR;75;kW;380;144;50;4;1476;6316;6315;280S;75;3;0.85;;55;F;S1;Delta;Not Available;;;;;;280;;Internal;Horizontal
EMO000882;TECO;D57344-1;AEEB;500;HP;3000;89.3;50;6;987;NU224;6322;450A;;3;;;55;F;;;Available;;;;;;450;;Internal;Horizontal
EMO000880;ABB;3290619;M2BA;30;kW;380;59;50;4;1468;;;200M;55;3;0.85;;55;F;S1;Delta;Available;;;;305;318;200;;Internal;Horizontal
EMO000881;TECO;16617;AEEB;7.5;kW;380;17;50;6;965;6309;6307;160M;42;3;;;55;F;;Delta;Available;;;;210;254;160;;Internal;Horizontal
EMO003404;ABB;GS6062425D05;M2BA;30;kW;380;59;50;6;985;6313;6313;225 S;;3;0.83;;55;F;S1;Delta;Available;;;;;;225;;;Horizontal
EMO000878;TECO;C56102-4;AEEB;55;kW;380;108;50;6;970;NU318;6316;280 S;;3;;;55;F;S1;Delta;Available;;;;;;280;;;Horizontal
EMO000877;ABB;32324111743;M2BA;90;kW;380;165;50;4;1485;6316;6316;280 S;75;3;0.88;;55;F;S1;Delta;Available;;;;;;280;;;Horizontal
EMO000865;TECO;P9508184;AEEB;37;kW;380;74;50;6;965;NU216;6213;280 S;;3;;;55;F;S1;Delta;Available;;;;;;280;;;Horizontal
EMO000875;HUADA;59251001J;Y2;132;kW;380;241;50;4;1485;;;315 M;;3;0.88;0.94;55;F;S1;Delta;Available;;;;;;315;;;Horizontal
EMO002906;TECO;MN60033-9;AEEB;75;kW;380;129;50;4;1475;6316;6213;250 M;;3;;;55;F;S1;Delta;Available;;;;;;250;;;Horizontal
EMO000873;TECO;C56103-8;AEEB;75;kW;380;143;50;6;975;NU318;6316;280 M;;3;;;55;F;S1;Delta;Available;;;;;;280;;;Horizontal
EMO000872;TECO;C56103-6;AEEB;75;kW;380;143;50;6;975;NU318;6316;280 M;;3;;;55;F;S1;Delta;Available;;;;;;280;;;Horizontal
EMO000874;ABB;3200622/7299VM;HXR;55;kW;380;107;50;4;1475;6313;6312;225 S;60;3;;;55;F;S1;Delta;Available;;;;;;225;;;Horizontal
EMO000870;TECO;P9524691;AEEB;55;kW;380;108;50;6;970;NU218;6214;280S;;3;;;55;F;S1;Delta;Available;;;;;;280;;Internal;Horizontal
EMO000869;TECO;P9524693;AEEB;55;kW;380;108;50;6;970;NU318;6316;280 S;;3;;;55;F;S1;Delta;Available;;;;;;280;;;Horizontal
EMO001941;TECO;MN60073;AEEB;110;kW;380;205;50;4;1460;6318;6316;280S;;3;;;55;F;S1;Delta;Available;;;;;;280M;;Internal;Horizontal
EMO003966;TECO;1551000856-3;AEEB;37;kW;380;74;50;6;965;NU316;6213;250S;;3;;;55;F;S1;Delta;Available;;;;;;250;;Internal;Horizontal
EMO001629;TECO;;AEEB;110;kW;380;205;50;4;1480;NU218;6214;280 M;;3;;;55;F;S1;Delta;Available;;;;;;280;;;Horizontal
EMO000204;CGE;;C250M6;37;kW;380;71;50;6;965;NU216;6213;250S;;3;;;55;F;S1;Delta;Available;;;;;;250;;Internal;Horizontal
EMO003132;TECO;P9524621;AEEB;5.5;kW;380;12.1;50;4;1450;6308;6306;132S;;3;;;55;F;S1;Delta;Not Available;;;;;;132;;Internal;Horizontal
EMO002923;TECO;P9508195;AEEB;55;kW;380;105;50;4;1470;NU216;6213;250 S;;3;;;55;F;S1;Delta;Available;;;;;;250;;;Horizontal
EMO000977;TECO;P9508194;AEEB;55;kW;380;105;50;4;1470;NU216;6213;250 S;;3;;;55;F;S1;Delta;Available;;;;;;250;;;Horizontal
EMO000975;TECO;C56106-4;AEEB;110;kW;380;210;50;6;975;NU320;6316;315 M;;3;;;55;F;S1;Delta;Available;;;;;;315;;;Horizontal
EMO001011;TECO;C56106-3;AEEB;110;kW;380;210;50;6;975;NU320;6316;315 M;;3;;;55;F;S1;Delta;Available;;;;;;315;;;Horizontal
EMO000972;TECO;1551000856;AEEB;55;kW;380;102;50;4;1475;NU316;6213;250 S;;3;;;55;F;S1;Delta;Available;;;;;;250;;;Horizontal
EMO000076;TECO;MN40264-3;AEEB;55;kW;380;105;50;6;975;NU216;6213;250 S;;3;;;55;F;S1;Delta;Available;;;;;;250;;;Horizontal
EMO003528;TECO;D063028-1;AEJT;315;kW;3000;77.5;50;6;990;NU224;6322;450 M;;3;;;55;F;S1;Inverter;Available;;;;;;450;;;Horizontal
EMO001003;TECO;ds7107;AECT;750;kW;3000;200.7;50;12;491;nu230;22224;630A;;3;;;55;F;;;available;;;;;;;;Internal;Horizontal
EMO000844;ABB;;MBT;5.5;kW;380;11;50;4;1440;;;132 S;;3;;;55;F;S1;Delta;Not Available;;;;;;132;;;Horizontal
EMO000863;SEW;3501015847;R102;0.55;kW;380;1.9;50;4;1380;;;;;3;0.71;;54;F;S1;Start;Not Available;;;;;;;;;Vertical
EMO000857;ABB;3290532/3055;M2BA;55;kW;380;105;50;4;1477;6313C3;6313C3;225S;60;3;0.84;;55;F;S1;Delta;Available;;;;;;225;;Internal;Horizontal
EMO000861;TECO;C56103 -1;AEEB;75;kW;380;143;50;6;975;NU318;6316;280M;;3;;;55;F;;Delta;Available;;;;;;280;;Internal;Horizontal
EMO000854;TECO;D57311-3;AECT;800;HP;3000;131.5;50;4;1475;NU220;6322;450 C;;3;;;55;F;S1;Delta;Available;;;;;;450;;;Horizontal
EMO000846;BALDOR;09R45XB;895C;4;HP;380;10.1;50;8;720;6309RS;6203;;;3;;0.80;;F;;;Not Available;;;;;;;;;Vertical
EMO000847;BALDOR;35H849T366;F395;0.55;kW;380;2.2;50;12;475;6203;6203;;;3;;;;F;;;Not Available;;;;;;;;;Vertical
EMO002734;WORD;9418763;IKK;5.5;kW;380;11;50;4;1440;6308;6208;132 S;;3;;;55;F;S1;Delta;Not Available;;;;;;132;;;Vertical
EMO000851;SEW;351913672;R102;0.55;kW;380;1.9;50;4;1380;;;;;3;0.71;;54;F;S1;Start;Not Available;;;;;;;;;Vertical
EMO000848;U.S;;CTE;5;HP;380;8;50;4;1425;6206;6206;;;3;;;;F;;;Not Available;;;;;;;;;Vertical
EMO001063;ABB;;M2AA;5.5;kW;380;11.7;50;4;1470;6208;6206;132M;;3;;;55;F;S1;Delta;Not Available;;;;;;132;;Internal;Horizontal
EMO003396;ABB;3171964/2272VM;HXR;75;kW;380;144;50;4;1470;6316;6315;280 S;;3;0.85;;55;F;S1;Delta;Available;;;;;;280;;;Horizontal
EMO000979;ABB;;;5.5;kW;380;11;50;4;1470;;;132M;;3;;;;;;Delta;Not Available;;;;;;132;;Internal;Horizontal
EMO000852;TECO;C56103-2;AEEB;75;kW;380;143;50;6;975;NU318;6316;280 M;;3;;;55;F;S1;Delta;Available;;;;;;280;;;Horizontal
EMO003074;TECO;D105223-1;AECT;600;kW;3000;136;50;4;1485;NU224;6322;450 B;;3;;;55;F;S1;Delta;Available;;;;;;450;;;Horizontal
EMO000987;TECO;D56331-3;AEJK;250;kW;3000;59.2;50;6;989;NU220;6322;355 C;;3;;;55;F;S1;Delta;Available;;;;;;355;;;Horizontal
EMO003325;ABB;4548685;HXR 355;250;kW;3000;56;50;6;989;6322;6319;355 C;;3;;;55;F;S1;Inverter;Available;;;;;;355;;;Horizontal
EMO000856;SEW;;;11;kW;380;28.5;50;4;1470;;;160;;3;;;55;F;S1;Delta;Not Available;;;;;;160;;;Vertical
EMO000842;SEW;341;;11;kW;380;28.5;50;4;1470;;;160;;3;;;55;F;S1;Delta;Not Available;;;;;;160;;;Vertical
EMO000585;ABB;;MBT160M;11;kW;380;23;50;4;1450;6309;6307;160 M;;3;;;55;F;S1;Delta;Not Available;;;;;;160;;;Horizontal
EMO001002;Tunglee;T13P30101;TL;0.4;kW;380;1;50;4;1400;;;;;3;;;55;F;S1;Start;Not Available;;;;;;;;;Vertical
EMO002878;TECO;MN60050-10;AEAC;7.5;kW;380;15.7;50;4;1445;6309;6306;132M;;3;;;54;B;;Delta;Not Available;;;;;;132;;Internal;Vertical
EMO001939;ASGEN;304103;;45;kW;380;83;50;4;1470;;;225M;;3;;;;;;;Available;;;;;;225;;Internal;Horizontal
EMO000919;STROMBERG;0923MK;HXR;22;kW;380;43;50;4;1470;6310C3;609C3;180L;48;3;0.86;;;B;S1;Delta;Available;;;;;;18;;Internal;Horizontal
EMO000918;TECO;C56104-1;AEEB;90;kW;380;171;50;6;975;NU320;6316;315S;;3;;;55;F;;Delta;Available;;;;;;315;;Internal;Horizontal
EMO000917;ABB;;M2BA;55;kW;380;103;50;4;1455;6315;6315;250S;65;3;0.87;;55;F;;Start;Available;;;;349;406;250;;Internal;Horizontal
EMO000916;TECO;;AEEBPA;22;kW;380;46.4;50;6;970;6312;6212;200L;55;3;;;55;F;;Delta;Available;;;;305;318;200;;Internal;Horizontal
EMO000985;TECO;7793080021;AEEBKB;55;kW;380;105;50;4;1470;NU216;6213;250 S;;3;;;55;F;S1;Delta;Available;;;;;;250;;;Horizontal
EMO001007;TECO;C56109-1;AEEBKB;150;kW;380;274;50;4;1480;NU320;6316;315 MC;;3;;;55;F;S1;Delta;Available;;;;;;315;;;Horizontal
EMO001567;Huada;6088301j;Y2;30;kW;380;57.6;50;4;1470;;;200 L;;3;;;55;F;S1;Delta;Not Available;;;;;;200;;Internal;Horizontal
EMO003425;TECO;9106306003;AEEBKB;132;kW;380;227;50;4;1480;NU320;6316;315;;3;;;55;F;S1;Delta;Available;;;;;;315;;;Horizontal
EMO000911;TECO;C56102-3;AEEB;55;kW;380;108;50;6;975;NU318;6316;280 S;;3;;;55;F;S1;Delta;Available;;;;;;280;;;Horizontal
EMO003328;TECO;P650470046;AEEB;15;kW;380;29;50;4;1450;6309;6307;160 L;;3;;;55;F;S1;Delta;Not Available;;;;;;160;;;Horizontal
EMO001583;TECO;82254-2;AEEBKB;30;kW;380;58;50;6;975;;;;;3;;;55;F;S1;Delta;Not Available;;;;;;;;;Horizontal
EMO000909;TECO;P9800591;AEEB;75;kW;380;143;50;6;975;NU318;6316;280 M;;3;;;55;F;S1;Delta;Available;;;;;;280;;;Horizontal
EMO001680;TECO;MN301189;AEEB;55;kW;380;105;50;4;1470;NU216;6213;250;70;3;;;55;F;S1;Delta;Available;;;;311;406;250;;;Horizontal
EMO000969;Sweco;;;5; HP;380;8.8;50;6;1000;;;215;;3;;;;B;;Delta;Available;;;;178;216;215;;Internal;Horizontal
EMO000968;Sweco;Y08Y180R028;;5;HP;380;8.8;50;6;1000;;;215;;3;;;;B;;Delta;Available;;;;178;216;215;;Internal;Horizontal
EMO003614;ABB;;MBT;55;kW;380;108;50;4;1475;6214;6214;250;65;3;;;55;F;S1;Delta;Available;;;;349;406;250;;;Horizontal
EMO000939;ABB;32904052985VM;M2BA;55;kW;380;99;50;2;2962;6315;6315;250;60;3;0.90;;55;F;S1;Delta;Available;;;;310;410;250;;;Horizontal
EMO000938;ABB;32848072800WM;M2BA;75;kW;380;139;50;4;1475;6315;6315;250;65;3;0.88;;55;F;S1;Delta;Available;;;;311 349;406;250;;;Horizontal
EMO000488;ASGEN;;ASG 180L;22;kW;380;50;50;4;1450;;;180 L;;3;0.81;;55;F;S1;Delta;Available;;;;305;318;180;;Internal;Horizontal
EMO004926;STROMBERG;3115896;HXUR;30;kW;380;60;50;4;1465;6312;6311;200 M;;3;;;55;F;S1;Delta;Available;;;;241 279;279;200;;;Horizontal
EMO003123;ABB;3239833;M2BA;90;kW;380;159;50;2;2970;6316;6316;280S;65;3;0.90;;55;F;;Delta;Available;;;;;457;280;;Internal;Horizontal
EMO000934;ABB;3259208;M2BA;45;kW;380;86;50;4;1477;6313;6313;225S;60;3;0.85;;55;F;;Delta;Available;;;;;356;225;;Internal;Horizontal
EMO003956;Siemens;KV3286A;IMB3;110;kW;380;183;50;2;2975;6315;6315;280M;;3;0.91;;55;F;;Delta;Available;;;;;457;280;;Internal;Horizontal
EMO000932;ABB;3290397;M2BA;75;kW;380;134;50;2;2970;6315;6315;250S;60;3;0.91;;55;F;;Delta;Available;;;;;;;;Internal;Horizontal
EMO002899;TECO;P9524601;AEEB;45;kW;380;93;50;4;1465;6313;6213;225M;60;3;;;55;F;;Delta;Available;;;;;356;225;;Internal;Horizontal
EMO001881;TECO;;AEEB;15;kW;380;30;50;6;965;6311;6310;180L;48;3;;;54;F;;Delta;Not Available;;;;279;279;180;;Internal;Horizontal
EMO001015;TECO;D7A370-1;ACT-VB001;600;kW;3000;146;50;6;986;NU326;6322;500 A;;3;;;55;F;S1;;Available;;;;1120;900;500;;;Horizontal
EMO001014;TECO;D57312-1;ACT;600;kW;3000;140;50;6;984;NU224;6322;450 C;;3;;;55;F;S1;;Available;;;;1120;900;450;;;Horizontal
EMO001637;TECO;MN600065-1;AEEB;175;HP;380;250;50;6;975;NU320;6316;315 M;;3;;;55;F;S1;Delta;Available;;;;410;510;315;;;Horizontal
EMO001012;TECO;C56103-4;AEEB;75;kW;380;143;50;6;975;NU318;6316;280 MC;;3;;;55;F;S1;Delta;Available;;;;419;457;280;;;Horizontal
EMO003933;Marathon;WX22001915-1000J;HCM;300;kW;3000;74.7;50;6;990;NU326;6326;400 HCM;;3;0.82;0.94;55;F;S1;;Available;;;;1000;700;400;;;Horizontal
EMO003671;Marathon;32000039180101;HCM400;300;kW;3000;75.4;50;6;990;NU326;6326;400;;3;;;55;F;S1;Start;Available;;;;800;650;400;;Internal;Horizontal
EMO001009;TECO;D74382;AEJT;410;kW;3000;97.1;50;6;985;NU324;6322;450 M;;3;;;55;F;S1;;Available;;;;;;450;;;Horizontal
EMO001008;TECO;H7105109049;AEEB;37;kW;380;65.8;50;2;2900;6312;6212;200L;55;3;;;55;F;;Delta;Available;;;;305;318;200;;Internal;Horizontal
EMO003113;TECO;;AEEBKB;30;kW;380;53.8;50;4;1468;6312;6212;200 L;;3;0.85;;55;F;S1;Delta;Available;;;;;;200;;;Vertical
EMO000965;TECO;7791310008;AEEB;30;kW;380;57;50;4;1470;6312;6212;200 L;;3;;;55;F;S1;Delta;Available;;;;;;200;;;Vertical
EMO002167;ABB;3259204;M2BA;45;kW;380;88;50;4;1470;6313;6313;225 M;60;3;0.84;;55;F;S1;Delta;Available;;;;311;356;225;;;Horizontal
EMO000963;ABB;;QU;4;kW;380;8.6;50;4;1435;;;112 M;28;3;0.84;;55;F;S1;Delta;Not Available;;;;140;190;112;;;Horizontal
EMO003843;ABB;3175326/3783VM;HXR;55;kW;380;107;50;4;1475;6312;6312;225 S;60;3;0.80;;55;F;S1;Delta;Available;;;;"286 
311";356;225;;;Horizontal
EMO005039;ABB;818344;QU;4;kW;380;8.6;50;4;1435;;;112M;28;3;;;55;F;S1;Delta;Not Available;;;;140;190;112;;;Horizontal
EMO001275;HUADA;;Y2;4;kW;380;8.6;50;4;1430;;;112;28;3;;;55;F;S1;Delta;Not Available;;;;140;190;112;;;Horizontal
EMO003995;Marathon;AK15192301J;HJN1;11;kW;380;22;;4;1455;;;160M;;3;0.84;;55;F;;Delta;Available;;;;210;254;225;;Internal;Horizontal
EMO003288;TECO;H61050443;AEEB;11;kW;380;20.9;50;4;1485;6309;6307;160;42;3;;;55;F;;Delta;Not Available;;;;215;254;160;;Internal;Horizontal
EMO003099;TECO;243080;AEEB;18.5;kW;380;37;50;4;1455;6311;6310;180 M;48;3;;;55;F;S1;Delta;Not Available;;;;241;279;180;;;Horizontal
EMO000956;ASEA;;;18.5;kW;380;37;50;4;1450;6310;6309;180 M;48;3;;;55;F;S1;Delta;Available;;;;241;279;180;;Internal;Horizontal
EMO003368;SEW;;KF76;0.75;kW;380;2.1;50;4;1400;;;;;3;;;55;F;S1;;Not Available;;;;;;;;;Vertical
EMO003367;SEW;;KF76;0.75;kW;380;2.1;50;4;1400;;;;;3;;;55;F;S1;;Not Available;;;;;;;;;Vertical
EMO002590;TOSHIBA;54031669;IK;2.2;kW;380;5.1;50;6;950;6206;6207;112;;3;;;44;E;;Delta;Not Available;;;;140;190;112;;Internal;Horizontal
EMO002589;TECO;;AEEB;2.2;kW;380;5.1;50;6;970;6207;6206;112;;3;;;;;;Delta;Not Available;;;;140;190;112;;Internal;Horizontal
EMO000026;Asgen;353668;;2.2;kW;380;5.5;50;6;980;6207;6207;112;;3;;;;;;Delta;Not Available;;;;140;190;112;;Internal;Horizontal
EMO002591;TOSHIBA;54031975;IKK;7.5;kW;380;15.4;50;6;960;6310;6208;160;42;3;;;44;B;;Delta;Not Available;;;;310;254;160;;Internal;Horizontal
EMO002592;TOSHIBA;54031972;IKK;7.5;kW;380;15.4;50;6;960;6310;6208;160;42;3;;;44;B;;Delta;Not Available;;;;310;254;160;;Internal;Horizontal
EMO002593;TOSHIBA;54031974;IKK;7.5;kW;380;15.4;50;6;960;6310;6208;160M;42;3;;;44;B;;Delta;Not Available;;;;310;254;160;;Internal;Horizontal
EMO000090;ROTORNI;SA686379;XF;30;kW;380;59;50;4;1485;;;200L;55;3;;;54;F;S1;Delta;Available;;;;315;318;200;;Internal;Horizontal
EMO002566;TECO;1871001336B046;AEEB;30;kW;380;57;50;4;1460;6312;6212;200L;55;3;;;54;F;S1;Delta;Available;;;;315;318;200;;Internal;Horizontal
EMO003369;DREHSTORM;684379;;0.4;kW;380;1.7;50;4;1460;6204;6204;80A;;3;;;54;F;;Start;Not Available;;;;;;80;;Internal;Horizontal
EMO003370;BEVI;1,871E+13;;0.4;kW;380;1.7;50;4;1400;6204;6204;80A;;3;;;55;F;;Start;Not Available;;;;;;80;;Internal;Horizontal
EMO002565;HITACHI;D705954;TFO;7.5;kW;380;15.5;50;6;960;6309;6307;;;3;;;;B;;Delta;Not Available;;;;;;;;;
EMO002564;HITACHI;D705954;TFO;7.5;kW;380;15.5;50;6;9600;6309;6307;;;3;;;;B;;Delta;Not Available;;;;;;;;Internal;
EMO002626;TECO;P9508203;AEEB;55;kW;380;105;50;4;1470;NU216;6513;250S;70;3;;;55;F;;Delta;Available;;;;311;318;250;;Internal;Horizontal
EMO000229;WEG;;;5;HP;380;9.5;50;2;3000;;;;;3;;;55;F;S1;Delta;Not Available;;;;140;216;;;Internal;Horizontal
EMO002624;WEG;11696;;5;HP;380;9.5;50;2;3000;;;;;3;;;;;;Delta;Not Available;;;;140;216;;;Internal;Horizontal
EMO000774;TECO;;AEEB;7.5;kW;380;15;50;2;2900;6308;6306;132S;;3;;;55;F;;Delta;Not Available;;;;140;216;132;;Internal;Horizontal
EMO001944;TECO;P9527553;AEEB;110;kW;380;205;50;4;1480;NU218;6214;280M;;3;;;55;F;;Delta;Available;;;;419;457;280;;Internal;Horizontal
EMO002620;TECO;C56108-2;AEEB;110;kW;380;205;50;4;1480;NU318;6316;280M;;3;;;55;F;;Delta;Available;;;;411;457;280;;Internal;Horizontal
EMO002622;TECO;C72043-11;AEEB;110;kW;380;205;50;4;1480;NU318;6316;280MC;;3;;;55;F;;Delta;Available;;;;419;457;280;;Internal;Horizontal
EMO001855;TECO;MN60032-6;AEEB;55;kW;380;102;50;4;1425;6316;6213;250S;70;3;;;55;F;;Delta;Available;;;;311;406;250;;Internal;Horizontal
EMO000573;ABB;233;MBT;37;kW;380;74;50;4;1475;;;225S;60;3;;;55;F;;Delta;Available;;;;"311 
286";356;225;;Internal;Horizontal
EMO002617;TECO;P9508202;AEEB;55;kW;380;105;50;4;1470;NU216;6213;250S;70;3;;;55;F;;Delta;Available;;;;311;406;250;;Internal;Horizontal
EMO002616;TECO;P9508204;AEEB;55;kW;380;105;50;4;1470;NU216;6213;250S;70;3;;;55;F;;Delta;Available;;;;311;406;250;;Internal;Horizontal
EMO000990;TECO;75C340047;AEEB;37;kW;380;72.7;50;4;1465;6313;6213;225S;;3;;;55;F;;Delta;Available;;;;290;356;225;;Internal;Horizontal
EMO002900;TECO;P9527362;AEEB;45;kW;380;93;50;4;1455;6313;6213;225M;60;3;;;55;F;;Delta;Available;;;;311;356;225;;Internal;Horizontal
EMO002883;ABB;131;MBT;7.5;kW;380;16;50;4;1440;;;132;38;3;;;55;F;;Delta;Not Available;;;;"178 
140";216;132;;Internal;Horizontal
EMO001044;SCROCH;20668400425;KA7250M;55;kW;380;103;50;4;1475;;;250M;65;3;0.86;;54;F;S1;Delta;Available;;;;349;406;250;;Internal;Horizontal
EMO001043;SCROCH;20465401/12;KA7;55;kW;380;104;50;4;1475;;;250M;65;3;0.85;;54;F;S1;Delta;Available;;;;349;406;250;;Internal;Horizontal
EMO001042;SCROCH;206817017/10;KA7;100;HP;380;126;50;4;1780;NU316J;6313C3;280S;75;3;;0.95;55;F;;Delta;Available;;;;370;460;280;;Internal;Horizontal
EMO001041;SCROCH;20152501/9;KA7;75;kW;380;139;50;4;1485;NU316J;6316C3;280S;75;3;0.86;;54;F;S1;Delta;Available;;;;370;460;280;;Internal;Horizontal
EMO001040;SCROCH;20152502/10;KA7;75;kW;380;139;50;4;1475;NU316J;6316;280S;75;3;0.86;;54;F;S1;Delta;Available;;;;370;460;280;;Internal;Horizontal
EMO001039;SCROCH;20152502/9;KA7;75;kW;380;139;50;4;1475;NU316J;6316;280S;75;3;0.86;;54;F;S1;Delta;Available;;;;370;460;280;;Internal;Horizontal
EMO001038;SCROCH;20152502/6;KA7;75;kW;380;139;50;4;1475;NU316J;6316;280S;75;3;0.86;;54;F;S1;Delta;Available;;;;370;460;280;;Internal;Horizontal
EMO000951;ABB;3296809;M2BA;110;kW;380;200;50;4;1486;6319;6316;315S;80;3;0.88;;55;F;;Delta;Available;;;;"457
404";508;315;;Internal;Horizontal
EMO003512;TECO;FC143281T1-1;AEJT;300;kW;3000;75.4;50;6;985;NU330;6322;400;;3;;;55;F;;;Available;;;;800;710;400;;Internal;Horizontal
EMO000949;TECO;P9538201;AEEB;132;kW;380;242;50;4;1480;NU320;6316;315;;3;;;55;F;;Delta;Available;;;;419;508;715;;Internal;Horizontal
EMO002931;TECO;D56333C-1;AEJT;300;kW;3000;73.6;50;6;982;NU220;6322;400A;;3;;;55;F;;;Available;;;;800;710;400;;Internal;Horizontal
EMO000947;TECO;P9539841;AEEB;110;kW;380;205;50;4;1486;NU318;6316;280;80;3;;;55;F;;Delta;Available;;;;419;457;280;;Internal;Horizontal
EMO000946;Siemens;73369;ILA;45;kW;380;88;50;6;975;;;280M;;3;;;55;F;S1;Delta;Available;;;;368;457;280;;Internal;Horizontal
EMO000945;TECO;C56103-5;AEEB;75;kW;380;143;50;6;975;NU318;6316;;;3;;;55;F;;Delta;Available;;;;;;;;;
EMO000944;ABB;3237086;M2BA;90;kW;380;165;50;4;1481;6316;6316;280;75;3;0.88;;55;F;;Delta;Available;;;;"368 
419";457;280;;Internal;Horizontal
EMO000942;TECO;C56103-3;AEEB;75;kW;380;143;50;6;975;NU318;6316;280;80;3;;;55;F;;Delta;Available;;;;419;457;280;;Internal;Horizontal
EMO000274;TECO;18710005067;AEEBKB;7.5;kW;380;16.2;50;4;1450;6308;6306;132;;3;0.86;;55;F;S1;Delta;Available;;;;;;132;;Internal;Horizontal
EMO000941;TECO;C56106-4;AEEB;110;kW;380;210;50;6;979;NU320;6316;315;;3;;;55;F;;Delta;Available;;;;;;315;;Internal;Horizontal
EMO003499;HUADA;58484702J;Y2;18.5;kW;380;35.5;50;4;1470;;;180 M;48;3;0.85;0.90;55;F;S1;Delta;Not Available;;;;241;279;180;;;Horizontal
EMO002001;TECO;K060092-1;AEEB;22;kW;380;42.9;50;4;1460;6311;6310;200 L;;3;;;55;F;S1;Delta;Available;;;;279;279;200;;;Horizontal
EMO002648;ABB;5582VM;HXA;7.5;kW;380;16.3;50;4;1440;6308;6307;132 L;;3;0.82;;55;F;S1;Delta;Not Available;;;;"178 
140";216;132;;;Horizontal
EMO002518;ABB;MK161005-AD;MBT;15;kW;380;30;50;4;1460;6209;6209;160 L;42;3;;;55;F;S1;Delta;Not Available;;;;;;160;;Internal;Horizontal
EMO000879;ASEA;100141;M2AA;30;kW;380;59;50;6;965;_;_;200;;3;;;55;F;S1;Delta;Available;;;;305;318;200;;;Horizontal
EMO002859;ABB;;;3;kW;380;6.5;50;4;1450;;;;;3;;;55;F;;Delta;Not Available;;;;;;;;Internal;Horizontal
EMO001049;TECO;H2069897028;AEEB;22;kW;380;44.3;50;4;1455;6311;6310;180L;;3;;;55;F;;Delta;Not Available;;;;;;180;;Internal;Horizontal
EMO001048;ABB;GS6024193;QU;11;kW;380;22.5;50;4;1460;;;160M;;3;0.83;;55;F;;Delta;Not Available;;;;;;160;;Internal;Horizontal
EMO001047;TECO;P65B003201219;AEEB;11;kW;380;21.5;60;4;1455;6309;6307;160M;;3;;;55;F;;Delta;Not Available;;;;;;160;;Internal;Horizontal
EMO003366;TECO;P9524641;AEVB;11;kW;380;21.5;50;4;1455;6309;6307;160M;;3;;;55;F;;Delta;Not Available;;;;;;160;;Internal;Vertical
EMO003364;TECO;P9524781;AEVB;4;kW;380;9.1;50;4;1445;6306;6306;112M;;3;;;55;F;;Delta;Not Available;;;;;;112;;Internal;Vertical
EMO000853;ABB;2234444C;M2BA;5.5;kW;380;11;50;4;1470;6208;6206;132M;;3;;;55;F;S1;Delta;Not Available;;;;;;132;;Internal;Horizontal
EMO001062;ABB;;M2BA;11;kW;380;22;50;4;1445;;;160;;3;;;55;F;;Delta;Not Available;;;;;;160;;Internal;Horizontal
EMO002070;TECO;7787140023;AEEB;45;kW;380;93;50;4;1465;6313;6213;225S;;3;;;55;F;;Delta;Available;;;;;;225;;Internal;V/H
EMO001058;WAM;5116408;MT;1.1;kW;380;2.6;50;2;2850;;;;;3;0.84;;55;F;;;Not Available;;;;;;;;Internal;Vertical
EMO001052;NORD;;SK;7.5;kW;380;13.4;50;4;1460;;;132M;;3;0.77;;55;F;S1;Delta;Not Available;;;;;;132;;Internal;Vertical
MGM000998;Nord;36812781;SK;7.5;kW;380;13.4;50;4;1460;;;132M;;3;0.77;;55;F;S1;Delta;Not Available;;;;;;132;;Internal;Vertical
EMO001059;Siemens;800023172446/001;3-3FA4;7.5;kW;380;16.2;50;4;1435;6208;6208;132M;;3;;;55;F;S1;Delta;Not Available;;;;;;132;;Internal;Vertical
EMO000431;SEW;60.01094685.01.0001.06.3.M6;FA87/G DV132S4;7.5;kW;380;13.4;50;4;1460;;;132M;;3;0.77;;55;F;S1;Delta;Not Available;;;;;;132;;Internal;Vertical
EMO001954;ABB;1010309;M2BA;15;kW;380;29.5;50;4;1450;6309;6309;160L;;3;0.85;;55;F;;Delta;Not Available;;;;;;160;;Internal;Horizontal
EMO001057;SEW;201806000000000000000;RX71D;3;kW;380;6;50;4;1400;;;100L;;3;0.83;;55;F;S1;Delta;Not Available;;;;;;100;;Internal;Horizontal
EMO001056;TECO;P9524661;AEVB;3;kW;380;7.1;50;4;1400;6206;6305;100L;;3;;;55;F;;Delta;Not Available;;;;;;100;;Internal;Vertical
EMO001055;ABB;190680450;;5;HP;380;8.1;50;4;1430;6307;6306;112M;;3;;;55;F;;Delta;Not Available;;;;;;112;;Internal;Vertical
EMO005155;SIEMENS;JKD-3004756247.01.001;1LE0001-1EB4;22;kW;380;43;50;4;1480;6210;6210;180L;;3;;;55;F;S1;Delta;Available;;;;;;;;Internal;
EMO005156;SIEMENS;JKD-3004756247.02.001;1LE0001 – 2BB2;45;kW;380;84;50;4;1480;6213;6213;225M;;3;;;55;F;S1;Delta;Available;;;;;;;;Internal;
EMO005062;ABB;4671979;NMI 400L4A BAS;900;kW;3000;206;50;4;1450;6226;6220;;;3;;;55;F;S1;Delta;Available;;;;;;;;Internal;HORIZONTAL
EMO005063;ABB;4671980;NMI 400L4A BAS;900;kW;3000;206;50;4;1450;6226;6220;;;3;;;55;F;S1;Delta;Available;;;;;;;;Internal;HORIZONTAL
EMO005064;WEG;1048266484;W20 – AL 100 L - -04;3;kW;380;6.35;50;4;1400;6206;6205;;;3;;;55;F;S1;Start;Not Available;;;;;;;;Internal;VERTICAL
EMO005065;WEG;1045525141;W20 – AL 100 L - -04;3;kW;380;6.35;50;4;1400;6206;6205;;;3;;;55;F;S1;Start;Not Available;;;;;;;;Internal;VERTICAL
EMO005066;ABB;3GIC19100700515003;M2BAX 200 MLB 6;22;kW;380;46.7;50;6;985;6212;6209;;55;3;;;55;F;S1;Delta;Available;;;;;;;;Internal;HORIZONTAL
EMO005067;ABB;3GIC19100700515002;M2BAX 200 MLB 6;22;kW;380;46.7;50;6;985;6212;6209;;55;3;;;55;F;S1;Delta;Available;;;;;;;;Internal;HORIZONTAL
EMO005068;ABB;3GIC19110701975002;M3BP 355 LK B 8;315;kW;380;612;50;8;735;6322;6316;;100;3;;;55;F;S1;Delta;Available;;;;;;;;External;HORIZONTAL
EMO005070;ABB;3GIC191012033760002;M3BP 100LD4;3;kW;380;6.3;50;4;1480;6206;6205;;;3;;;55;F;S1;Start;Not Available;;;;;;;;Internal;VERTICAL
EMO005069;ABB;3GIC19110701975001;M3BP 355 LK B 8;315;kW;380;612;50;8;745;6322;6316;;100;3;;;55;F;S1;Delta;Available;;;;;;;;External;HORIZONTAL
EMO005071;ABB;3GIC191012033760001;M3BP 100LD4;3;kW;380;6.3;50;4;1470;6206;6205;;;3;;;55;F;S1;Start;Not Available;;;;;;;;Internal;VERTICAL
MGM000948;SIEMENS;NYU 1902/9990044-003;Z149 – LE 160 MF 4E;11;kW;380;21;50;4;1470;;;;;3;;;55;F;S1;Delta;Available;;;;;;;;Internal;MGM
MGM000945;SIEMENS;NYU 1902/9990043-004;D169 – LES 180 ZL J4E;22;kW;380;42;50;4;1480;;;;;3;;;55;F;S1;Delta;Available;;;;;;;;Internal;MGM
MGM000946;SIEMENS;NYU 1902/9990044-001;Z149 – LE 160 MF 4E;11;kW;380;21;50;4;1480;;;;;3;;;55;F;S1;Delta;Available;;;;;;;;Internal;MGM
MGM000950;SIEMENS;NYU 1902/9990044-002;Z149 – LE 160 MF 4E;11;kW;380;21;50;4;1480;;;;;3;;;55;F;S1;Delta;Available;;;;;;;;Internal;MGM
EMO005072;MARATHON;WX11007978-2002J;LVF 250M -4;55;kW;380;104;50;4;1475;6314;6314;;65;3;;;55;F;S1;Delta;Available;;;;;;;;External;HORIZONTAL
EMO005074;ECA;18067025;G 250A;0.55;kW;380;1;50;4;1480;;;;;3;;;55;F;S1;;Not Available;;;;;;;;Internal;Vertical
EMO005073;MARATHON;WX11007978-2001J;LVF 250M -4;55;kW;380;104;50;4;1475;6314;6314;;65;3;;;55;F;S1;Delta;Available;;;;;;;;External;HORIZONTAL
EMO005075;ECA;18067026;G 250A;0.55;kW;380;1;50;4;1480;;;;;3;;;55;F;S1;;Not Available;;;;;;;;Internal;Vertical
EMO005076;SIEMENS;LMN1803/800016963970/001;1LE0001 – 0EB4;1.5;kW;380;3.45;50;4;1480;6205;6205;90L;;3;;;55;F;S1;Start;Not Available;;;;;;;;Internal;VERTICAL
EMO005077;SIEMENS;LMN1809/800018095944/002;1LE0001 – 0EB4;1.5;kW;380;3.45;50;4;1480;6205;6205;90L;;3;;;55;F;S1;Start;Not Available;;;;;;;;Internal;VERTICAL
EMO005078;MARATHON;WX11007978-3005J;SCA 280MA04;90;kW;380;167;50;4;1475;6317;6317;;75;3;;;55;F;S1;Delta;Available;;;;;;;;Internal;HORIZONTAL
EMO005079;MARATHON;WX11007978-3002J;SCA 280MA04;90;kW;380;167;50;4;1475;6317;6317;;75;3;;;55;F;S1;Delta;Available;;;;;;;;Internal;HORIZONTAL
MGM001050;SEW EURODRIVE;B1694665;K86 DV/12;1.2/2.2;kW;380;4.5/5.6;50;8P/4P;7.5/15;;;;;3;;;55;B;S1;Start Delta;Not Available;;;;;;;;Internal;Vertical
EMO005088;NORD;332111570;SK;0.55;kW;380;1.5;50;4P;1480;;;;;3;;;55;F;S1;Start;Not Available;;;;;;;;Internal;Horizontal
EMO004955;TECO;P920493100;AEBAO;11;kW;380;22.6;50;4;1460;6309;6307;160 M;;3;;;54;F;S1;Delta;Not Available;;;;;;;;Internal;Horizontal
EMO003883;ABB;3364738;M2BA 315 SM;132;kW;380;242;50;4;1486;6319;6316;315 S;;3;;;55;F;S1;Delta;Available;;;;;;;;Internal;Horizontal
EMO003892;STORMBERG;3165178;HXUR;45;kW;380;90;50;4;1472;6316;6213;225 S;;3;;;55;F;S1;Delta;Available;;;;;;;;Internal;Horizontal
EMO005154;MARATHON;WX 11008545-4001;SCA 250 MA 04;55;kW;380;103;50;4;1480;6314;6314;250 M;;3;;;55;F;S1;Delta;Available;;;;;;;;Internal;Horizontal
EMO005083;MARATHON;WX11007928-1007;SCA 225S-04;37;kW;380;69.7;50;4;1475;6313;6213;225 S;;3;;;55;F;S1;Delta;Available;;;;;;;;Internal;Horizontal
EMO005084;MARATHON;WX11007928-1002;SCA 225S-04;37;kW;380;69.7;50;4;1475;6313;6213;225 S;;3;;;55;F;S1;Delta;Available;;;;;;;;Internal;Horizontal
EMO003540;TECO;D840;AEJT;300;kW;3000;75;50;6;985;NU330;6322;400A;;3;;;55;F;S1;Start;Available;;;;800;710;400;;Internal;Horizontal
EMO002088;TECO;R 301311;AEEBKB;22;kW;380;45.9;50;6;980;6312;6212;200L;55;3;;;55;F;S1;Delta;Available;;;;305;318;200;;Internal;Horizontal
EMO002045;ABB;141005-AB-01;MBT;5.5;kW;380;11;50;4;1420;;;132S;;3;;;55;B;S1;Delta;Not Available;;;;;;132;;Internal;Horizontal
EMO003309;JODDAR;33683;;7.5;kW;380;15.5;50;6;950;;;160;42;3;;;54;E;S1;Delta;Not Available;;;;310;254;160;;Internal;Horizontal
EMO003218;SEW;35.01002209.01;R77;0.8/2.4;kW;380;2.9/5.56;50;4;850-2650;;;100L;;3;0.66;;54;F;S3;;Not Available;;;;;;100;;Internal;Vertical
EMO002807;"SEW EURODRIVE
";35.7798244401.0001;RF 17;0.25;kW;380;1.27;50;4;1300;;;;;3;0.81;;55;F;S1;;Not Available;;;;;;;;Internal;Vertical
EMO002834;"SEW EURODRIVE
";35.7798244401.0001;RF 17;0.25;kW;380;1.27;50;4;1300;;;;;3;0.81;;55;F;S1;;Not Available;;;;;;;;Internal;Vertical
EMO002938;CGE;19051-267;C 100L 2;3;kW;380;6.4;50;2;2900;;;;;3;;;55;F;S1;Start;Not Available;;;;;;;;;Horizontal
EMO002918;TECO;C56107-1;AEEB-YM;130;kW;380;250;50;6;970;NU320;6316;315M;;3;;;55;F;S1;Delta;Available;;;;;;315;;Internal;Horizontal
EMO004984;STROMBERG;8623 MP;HXUR;22;kW;380;43;50;4;1460;6310;6309;180 L;;3;;;55;F;S1;Delta;Available;;;;279;279;180;;Internal;Horizontal
EMO003961;TOSHIBA;E207470HF;IDF-CHKW11;450;kW;420;760;50;6;1000/1200;6228;6228;400 H;;3;;;55;B;S1;Start;Not Available;;;;;;;;Internal;Vertical
EMO001053;TECO;IJ29154;AEEB;11;kW;380;22.1;50;2;2880;6309;6307;160 M;;3;;;54;F;S1;Delta;Not Available;;;;;;;;Internal;Horizontal
EMO000915;ABB;;MBT 160M;11;kW;380;23;50;4;1475;;;160 M;;3;;;55;F;S1;Delta;Not Available;;;;;;;;Internal;Horizontal
EMO000904;ABB;;MBT 160M;11;kW;380;23;50;4;1475;;;160 M;;3;;;55;F;S1;Delta;Not Available;;;;;;;;Internal;Horizontal
MGM000123;ASGEN;358904;225M/4;45;kW;380;83;50;4;1470;;;225M;;3;;;55;F;S1;;Available;;;;;;225;;Internal;Horizontal
EMO003938;BEVI;AK 054605;391EL90L4;1.5;kW;380;3.3;50;4;1450;;;90L;;3;1.00;;55;F;S1;Start;Not Available;;;;;;90;;Internal;Vertical
EMO003937;HOYER;SH5916244622;HMC3 160M-4;11;kW;380;21;50;4;1470;;;160M;;3;1.00;;55;F;S1;Delta;Not Available;;;;;;160;;Internal;Horizontal
EMO003467;TOSHIBA;E128690HF;IDF-CHK11;225;kW;;400 375;50;6;1150 1380;6220;6220;315 H;;3;;;44;F;S1;;Available;;;;;;315;;;Horizontal
EMO003468;TOSHIBA;E128700HF;IDF-CHK11;225;kW;;400 375;50;6;1150 1380;6220;6220;315 H;;3;;;44;F;S1;;Available;;;;;;315;;;Horizontal
EMO002672;TOSHIBA;D128210ML;ICD-CHK M11;263;kW;310/350;600/530;50;6;300/1351;6230;6230;;;3;;;44;F;S1;Inverter;Available;;;;;;;;;Horizontal
EMO002796;TOSHIBA;24152082;IK-FCKLAW21;3.7;kW;380;8.5 6.4;50;4;1410;6207;6305;;;3;;;44;F;S1;Inverter;Available;;;;;;;;;Horizontal
EMO001026;RELIANCE;07KL438027-AL-RX;L36987;150;kW;460;583;50;4;1187;6219;6216;;;3;;;;F;S1;Inverter;Available;;;;;;;;;Horizontal
MGM000800;Tunglee;;R;0.37;kW;380;1.1;50;4;1400;;;;;3;;;44;E;S1;Start;Not Available;;;;;;;;;Vertical
MGM000619;Tunglee;T19616101;R;0.4;kW;380;1.1;50;4;1400;;;;;3;;;44;E;S1;Start;Not Available;;;;;;;;;Vertical
EMO003459;RELIANCE;30KL438025-ZN;L4034Z;220;kW;460;349;50;2;2000;6219;6316;;;3;;;55;F;S1;Inverter;Available;;;;;;;;;Horizontal
MGM000653;Tunglee;;R;0.4;kW;380;1.1;50;4;1400;;;;;3;;;44;E;S1;Start;Not Available;;;;;;;;;Vertical
MGM000620;Tunglee;T18430101;R;0.4;kW;380;1.1;50;4;1400;;;;;3;;;44;E;S1;Start;Not Available;;;;;;;;;Vertical
MGM000621;Tunglee;T13P3101;R;0.4;kW;380;1.1;50;4;1400;;;;;3;;;44;E;S1;Start;Not Available;;;;;;;;;Vertical
MGM000622;Tunglee;T18M07103;R;0.4;kW;380;1.1;50;4;1400;;;;;3;;;44;E;S1;Start;Not Available;;;;;;;;;Vertical
EMO001028;RELIANCE;IVM438027-AL-RX;P;375;kW;460;583;50;4;1187;6220;6220;;;3;;;;F;S1;Inverter;Available;;;;;;;;;Horizontal
MGM000625;Tunglee;14K06104;R;0.4;kW;380;1.1;50;4;1400;;;;;3;;;44;E;S1;Start;Not Available;;;;;;;;;Vertical
MGM000626;Tunglee;T15K12101;R;0.4;kW;380;1.1;50;4;1400;;;;;3;;;44;E;S1;Start;Not Available;;;;;;;;;Vertical
MGM000888;Tunglee;;Motor Dibongkar;0.4;kW;380;1.1;50;4;1400;;;;;3;;;44;E;S1;Start;Not Available;;;;;;;;;Vertical
MGM000627;Tunglee;HN0588058;R;0.4;kW;380;1.1;50;4;1400;;;;;3;;;44;E;S1;Start;Not Available;;;;;;;;;Vertical
MGM000628;Tunglee;T13P3101;R;0.4;kW;380;1.1;50;4;1400;;;;;3;;;44;E;S1;Start;Not Available;;;;;;;;;Vertical
MGM000629;Tunglee;;R;0.4;kW;380;1.1;50;4;1400;;;;;3;;;44;E;S1;Start;Not Available;;;;;;;;;Vertical
EMO001029;RELIANCE;GVM438027-AL-RX;P;375;kW;460;583;50;4;1187;6220;6220;;;3;;;;F;S1;Inverter;Available;;;;;;;;;Horizontal
MGM000630;Tunglee;;R;0.4;kW;380;1.1;50;4;1400;;;;;3;;;44;E;S1;Start;Not Available;;;;;;;;;Vertical
EMO001032;RELIANCE;GVM438027-AL-RX;L288ZZ;75;kW;460;124;50;4;1160;6311;6311;;;3;;;;F;S1;Inverter;Available;;;;;;;;;Horizontal
EMO003365;ASEA;282;;11;kW;380;23;50;4;1450;;;;;3;;;54;E;S1;Delta;Available;;;;;;;;;HORIZONTAL
MGM000632;Tunglee;;R;0.4;kW;380;1.1;50;4;1400;;;;;3;;;44;E;S1;Start;Not Available;;;;;;;;;Vertical
EMO001033;RELIANCE;13KL438027-QX;L3698Z;150;kW;460;240;50;4;1175;6219;6216;;;3;;;;F;S1;Inverter;Available;;;;;;;;;Horizontal
MGM000633;Tunglee;;R;0.4;kW;380;1.1;50;4;1400;;;;;3;;;44;E;S1;Start;Not Available;;;;;;;;;Vertical
MGM000634;Tunglee;;R;0.4;kW;380;1.1;50;4;1400;;;;;3;;;44;E;S1;Start;Not Available;;;;;;;;;Vertical
MGM000635;Tunglee;;R;0.4;kW;380;1.1;50;4;1400;;;;;3;;;44;E;S1;Start;Not Available;;;;;;;;;Vertical
EMO001034;RELIANCE;14KL438027-QX;L3698Z;150;kW;460;240;50;4;1175;6219;6216;;;3;;;;F;S1;Inverter;Available;;;;;;;;;Horizontal
MGM000991;Tunglee;;R;0.37;kW;380;1.1;50;4;1400;;;;;3;;;44;E;S1;Start;Not Available;;;;;;;;;Vertical
MGM000637;Tunglee;;R;0.4;kW;380;1.1;;4;1400;;;;;3;;;44;E;S1;Start;Not Available;;;;;;;;;Vertical
EMO001035;RELIANCE;15KL438027-QX;L3698Z;150;kW;460;240;;4;1175;6219;6216;;;3;;;;F;S1;Inverter;Available;;;;;;;;;Horizontal
MGM000638;Tunglee;;R;0.4;kW;380;1.1;;4;1400;;;;;3;;;44;E;S1;Start;Not Available;;;;;;;;;Vertical
MGM000640;Tunglee;;R;0.4;kW;380;1.1;;4;1400;;;;;3;;;44;E;S1;Start;Not Available;;;;;;;;;Vertical
EMO002837;RELIANCE;10KL438027-QX;L216Z;7.5;kW;460;12.6;;2;3560;6206;6208;;;3;;;;F;S1;Inverter;Not Available;;;;;;;;;Horizontal
EMO001031;RELIANCE;9KL438027-QX;L288ZZ;75;kW;460;124;;4;1160;6311;6311;;;3;;;;F;S1;Inverter;Available;;;;;;;;;Horizontal
EMO001030;RELIANCE;10KL438027-QX;L3203Z;110;kW;460;180;50;4;1170;6314;6313;;;3;;;;F;S1;Inverter;Available;;;;;;;;;Horizontal
MGM000497;Tunglee;;R;0.55;kW;380;1.1;50;4;1400;;;;;3;;;44;E;S1;Start;Not Available;;;;;;;;;Vertical
EMO002969;ABB;576;M2AA;37;kW;380;71;;4;1475;6312;6210;200 L;55;3;;;55;F;S1;Delta;Available;;;;260 305;318;200;;;Horizontal
EMO001037;RELIANCE;18KL438027-QX;L3203Z;110;kW;460;180;50;4;1170;6314;6313;;;3;;;;F;S1;Inverter;Available;;;;;;;;;Horizontal
EMO003934;TOSHIBA;43;IKK;11;kW;460;19.5;50;4;1750 2100;6310;6208;;;3;;;44;F;S1;Inverter;Not Available;;;;;;;;;Horizontal
MGM000481;Sumitomo;M5064051;IC-F/FB-B8;5.5;kW;380;11.5;50;4;1410;6206;6206;F132S;;3;;;44;B;S1;Delta;Not Available;;;;;;132;;Internal;Vertical
MGM000475;Tunglee;;R;0.4;kW;380;1.1;60;4;1400;;;;;3;;;44;E;S1;Start;Not Available;;;;;;;;;Vertical
EMO001023;RELIANCE;3VM438027-AL-RX;P;530;kW;460;809;50;4;1186;6220;6220;;;3;;;;F;S1;Inverter;Available;;;;;;;;;Horizontal
EMO001017;RELIANCE;ZVM438027-AL-RX;P;475;kW;409;813;50;4;1577;6220;6220;;;3;;;;F;S1;Inverter;Available;;;;;;;;;Horizontal
EMO001025;RELIANCE;;P;375;kW;460;585;50;4;1187;6220;6220;;;3;;;55;F;S1;Inverter;Available;;;;;;;;;Horizontal
EMO001019;RELIANCE;08KL438027-QX;L4034Z;220;kW;460;349;50;2;2000;6219;6316;;;3;;;;F;S1;Inverter;Available;;;;;;;;;Horizontal
EMO000828;RELIANCE;01KL438027-QX;L3698Z;150;kW;460;240;50;4;1175;6219;6216;;;3;;0.85;;F;S1;Inverter;Available;;;;;;;;;Horizontal
MGM000744;Tunglee;;R;0.4;kW;380;1.1;50;4;1400;;;;;3;;;44;E;S1;Start;Not Available;;;;;;;;;Vertical
EMO001408;RELIANCE;IVM438027-AL-RX;P;530;kW;460;809;50;4;1186;6220;6220;;;3;;;;F;S1;Inverter;Available;;;;;;;;;Horizontal
EMO001022;RELIANCE;9VM438027-AL-RX;P;375;kW;460;583;50;4;1187;6220;6220;;;3;;;;F;S1;Inverter;Available;;;;;;;;;Horizontal
EMO000825;RELIANCE;;L288ZZ;75;kW;460;124;50;4;1160;6313;6313;;;3;;;;F;S1;Inverter;Available;;;;;;;;;Horizontal
MPU000867;GRUNDFOS;85U155103119240073;MG1 1001LC2;3;kW;380;6.30;50;2;2900;6306;6205;100LC2;;3;;;55;F;;Start;Not Available;;;;;;;;Internal;Vertical
MPU001299;GRUNDFOS;85U155103113200113;MG1 1001LC2;3;kW;380;6.30;50;2;2900;6306;6205;100LC2;;3;;;55;F;;Start;Not Available;;;;;;;;Internal;Vertical
MFB000095;Gardner Denver;730-00675/106;G200 2BH1 943 7GC 46;25;kW;380;52;50;2;2930;;;;;3;;;55;;S1;Delta;Not Available;;;;;;;;Internal;Vertical
EMO004877;KADANT NORDIC;;;0.75;kW;380;1.3;50;4;1500;;;;;3;;;54;F;S1;Start;Not Available;;;;;;;;Internal;Vertical
EMO004876;KADANT NORDIC;;;0.75;kW;380;1.3;50;4;1500;;;;;3;;;54;F;S1;Start;Not Available;;;;;;;;Internal;Vertical
EMO004875;KADANT NORDIC;;;0.75;kW;380;1.3;50;4;1500;;;;;3;;;54;F;S1;Start;Not Available;;;;;;;;Internal;Vertical
EMO002601;KONE;846633;MF132F106N;15/2.5;kW;380;31/12;50;2;2750-415;;;;;3;;;;F;;Delta;Not Available;;;;;;;;;Vertical
EMO003225;KONE;708132;MF13ZA106N;15/2.5;kW;380;31/12;50;2;2750-415;;;;;3;;;;F;;Delta;Not Available;;;;;;;;;Vertical
MGM000222;KONE;;MF0720;0.65/0.15;kW;380;1.9/1.4;50;2;2785-535;6005;6004;;;3;;;;F;;;Not Available;;;;;;;;;Vertical
MGM000223;KONE;;MF0720;0.65/0.15;kW;380;1.9/1.4;50;2;2785-535;6005;6004;;;3;;;;F;;;Not Available;;;;;;;;;Vertical
MGM000221;KONE;;MFLA208;3.7/0.9;kW;380;8.5 6.4;50;4/ 20;1350-280;;;;;3;1.00;;;F;;;Not Available;;;;;;;;;Vertical
MGM000652;KONE;;MFLA208;3.7/0.9;kW;380;8.5 6.4;50;4/ 20;1350-280;;;;;3;1.00;;;F;;;Not Available;;;;;;;;;Vertical
EMO003529;KONE;;MF 162;30/5;kW;380;57/20;50;2;2740-430;6310;6310;;;3;1.00;;;F;;;Not Available;;;;;;;;;Vertical
EMO002604;KONE;;MF 162;30/5;kW;380;57/20;50;2;2740-430;6310;6310;;;3;1.00;;;F;;;Not Available;;;;;;;;;Vertical
EMO003820;kONE;;MF 162;30/5;kW;380;57/20;50;2;2740-430;6310;6310;;;3;1.00;;;F;;;Not Available;;;;;;;;;Vertical
EMO003168;KONE;;MF0720;0.65/0.15;kW;380;1.9 1.4;50;2;2740-430;;;;;3;1.00;;;F;;;Not Available;;;;;;;;;Vertical
MGM000227;KONE;;MF0720;0.65/0.15;kW;380;1.9/1.4;50;2;2785-535;6005;6004;;;3;;;;F;;;Not Available;;;;;;;;;Vertical
MGM000228;KONE;;MF0720;0.65/0.15;kW;380;1.9/1.4;50;2;2785-535;6005;6004;;;3;1.00;;;F;;;Not Available;;;;;;;;;Vertical
MGM000224;KONE;;MFLA208;3.7/0.9;kW;380;8.5/6.4;50;4;1350-280;;;;;3;1.00;;;F;;;Not Available;;;;;;;;;Vertical
EMO003874;KONE;;MFLA208;3.7/0.9;kW;380;8.5/6.4;50;4-16;1350-280;;;;;3;1.00;;;F;;;Not Available;;;;;;;;;Vertical
EMO002605;KONE;;MF 162;30/5;kW;380;57/20;50;2;2740-430;6310;6310;;;3;1.00;;;F;;;Not Available;;;;;;;;;Vertical
EMO002603;KONE;;MF 162;30/5;kW;380;57/20;50;2;2740 430;6310;6310;;;3;1.00;;;F;;;Not Available;;;;;;;;;Vertical
MGM000231;KONE;;MF0720;0.65/0.15;kW;380;1.9/1.4;50;2;2785-535;6005;6004;;;3;1.00;;;F;;;Not Available;;;;;;;;;Vertical
EMO001703;KONE;457115;MF0720;0.65/0.15;kW;380;1.9/1.4;50;2;2785-535;6005;6004;;;3;1.00;;;F;;;Not Available;;;;;;;;;Vertical
EMO003867;KONE;52487907;MFLA208;3.7/0.9;kW;380;8.5/6.4;50;4;1350-280;;;;;3;;;;F;;;Not Available;;;;;;;;;Vertical
MGM000324;SEW;74283;DT100LS4BMG;3;kW;380;6.6;50;4;1400;;;;;3;1.00;;;F;S1;;Not Available;;;;;;;;;Vertical
MGM000326;SEW;;DT100LS4BMG;3;kW;380;6.6;50;4;1400;;;;;3;1.00;;;F;S1;;Not Available;;;;;;;;;Vertical
MGM000327;SEW;;DT100LS4BMG;1.1;kW;380;6.6;50;4;1400;;;;;3;1.00;;;F;S1;;Not Available;;;;;;;;;Vertical
MGM000328;SEW;;DT100LS4BMG;3;kW;380;6.6;60;4;1400;;;;;3;1.00;;;F;S1;;Not Available;;;;;;;;;Vertical
EMO003955;SEW;;DT100LS4BMG;3;kW;380;6.6;50;4;1400;;;;;3;1.00;;54;F;S1;;Not Available;;;;;;;;;Vertical
MGM000331;SEW;1110324101000290;FA90DT100L;3;kW;380;6.6;50;4;1400;;;;;3;1.00;;;F;S1;;Not Available;;;;;;;;;Vertical
MGM000346;SEW;11103241010002;FA90DT100L;3;kW;380;6.6;50;4;1400;;;;;3;1.00;;;F;S1;;Not Available;;;;;;;;;Vertical
EMO005162;GEFECNE;1.821.140.010;B-S1-IP54;0.118;kW;24;6.5;50;;4500;;;;;1 Phase;;;54;B;S1;;Not Available;;;;;;;;;Vertical
EMO005163;GEFECNE;;B-S1-IP54;0.118;kW;24;6.5;50;;4500;;;;;1 Phase;;;54;B;S1;;Not Available;;;;;;;;;Vertical
EMO005164;GEFECNE;;B-S1-IP54;0.118;kW;24;6.5;50;;4500;;;;;1 Phase;;;54;B;S1;;Not Available;;;;;;;;;Vertical
MGM000734;TUNG LEE;T15611703;PL32-0400-200S3;0.4;kW;380;1.1;50;4;1400;;;;;3;;;;;;;Not Available;;;;;;;;;Vertical
MGM000780;TUNG LEE;;PL32-0400-200S3;0.4;kW;380;1.1;50;4;1400;;;;;3;;;;F;S1;;Not Available;;;;;;;;;Vertical
MGM000330;SEW;;FA90DT100L;3;kW;380;6.6;50;4;1400;;;;;3;1.00;;;F;S1;;Not Available;;;;;;;;;Vertical
MGB000450;KONE;52487907;MFLA208;3.7/0.9;kW;380;8.5/6.4;50;4;1350-280;;;;;3;;;;F;;;Not Available;;;;;;;;;Vertical
EMO005243;TECO;;AEEBKBA112M;4;kW;380;9.1;50;4;1445;;;112M;;3;;;;F;S1;;Not Available;;;;;;;;Internal;Horizontal
